refno,aquifer,wb_ft,rock_top_ft
234550,Bedrock,42,61
234555,Bedrock,43,60
234801,Bedrock,56,71
234897,Bedrock,35,56
234887,Bedrock,60,75
234781,Bedrock,58,78
234565,Bedrock,53,70
234575,Bedrock,62,82
234786,Bedrock,60,75
234570,Bedrock,60,80
234806,Bedrock,81,96
234796,Bedrock,59,
234892,Bedrock,73,
234791,Bedrock,72,90
234847,Bedrock,34,59
234595,Bedrock,95,102
234585,Bedrock,84,96
234842,Bedrock,35,80
234857,Bedrock,20,50
234792,Bedrock,22,30
234782,Bedrock,6,28
234207,Bedrock,50,60
233500,Bedrock,12,20
234328,Bedrock,12,22
232592,Bedrock,11,35
233489,Bedrock,20,47
217029,Bedrock,10,10
217039,Bedrock,25,17
217086,Bedrock,3,73
217019,Bedrock,4,0
216965,Bedrock,4,23
224765,Bedrock,20,45
225477,Bedrock,10,100
217002,Bedrock,31,
217045,Bedrock,18,124
216526,Bedrock,2,16
219028,Bedrock,11,13
216562,Bedrock,9,120
218984,Bedrock,21,
216444,Bedrock,35,
216465,Bedrock,29,28
216480,Bedrock,7,
216602,Bedrock,39,19
216522,Bedrock,7,5
219002,Bedrock,6,84
445182,Bedrock,4,14
218988,Bedrock,8,92
216861,Bedrock,50,10
27170,Bedrock,15,33
216415,Bedrock,5,5
218943,Bedrock,7,8
216656,Bedrock,6,
216485,Bedrock,38,17
218946,Bedrock,21,2
216440,Bedrock,38,8
216435,Bedrock,5,7
207121,Bedrock,19,7
216589,Bedrock,2,22
207569,Bedrock,11,10
424354,Bedrock,3,5
207595,Bedrock,25,8
207265,Bedrock,13,
207048,Bedrock,13,6
207108,Bedrock,4,6
207143,Bedrock,6,8
207234,Bedrock,5,
206579,Bedrock,18,
207096,Bedrock,7,58
207073,Bedrock,7,25
207536,Bedrock,29,6
207541,Bedrock,54,26
207068,Bedrock,29,19
207669,Bedrock,24,
207452,Bedrock,5,32
206495,Bedrock,3,7
207492,Bedrock,58,46
206585,Bedrock,56,12
206545,Bedrock,18,6
206509,Bedrock,9,5
206523,Bedrock,2,8
207005,Bedrock,31,53
434693,Bedrock,2,19
206555,Bedrock,3,6
206930,Bedrock,30,0
206534,Bedrock,21,8
206531,Bedrock,10,
206671,Bedrock,31,6
206976,Bedrock,4,
206637,Bedrock,53,7
206642,Bedrock,40,5
201289,Bedrock,28,
381996,Bedrock,60,17
204858,Bedrock,3,58
204689,Bedrock,80,48
204617,Bedrock,40,6
201481,Bedrock,2,40
206532,Bedrock,27,
201483,Bedrock,29,
204447,Bedrock,66,5
204489,Bedrock,30,8
204782,Bedrock,20,87
204576,Bedrock,26,11
201432,Bedrock,10,36
201231,Bedrock,13,30
204800,Bedrock,10,25
204549,Bedrock,67,60
201010,Bedrock,4,
204666,Bedrock,65,90
204533,Bedrock,73,62
204472,Bedrock,39,6
201457,Bedrock,5,51
204477,Bedrock,8,15
204458,Bedrock,18,6
204710,Bedrock,5,
195836,Bedrock,41,84
194917,Bedrock,8,12
195887,Bedrock,19,8
195947,Bedrock,29,6
195902,Bedrock,12,7
194890,Bedrock,15,10
193806,Bedrock,20,15
194885,Bedrock,10,17
194860,Bedrock,30,14
195841,Bedrock,43,10
195981,Bedrock,21,36
195876,Bedrock,7,26
195921,Bedrock,4,9
194861,Bedrock,15,145
193611,Bedrock,70,21
195911,Bedrock,35,23
193773,Bedrock,2,55
193699,Bedrock,5,10
195920,Bedrock,18,8
194867,Bedrock,59,18
195884,Bedrock,15,65
195804,Bedrock,44,14
429858,Bedrock,1,29
195824,Bedrock,60,4
195822,Bedrock,40,0
193797,Bedrock,7,23
195778,Bedrock,26,70
195835,Bedrock,4,7
229166,Bedrock,30,50
230410,Bedrock,2,29
234753,Bedrock,48,8
230269,Bedrock,10,68
234721,Bedrock,46,87
227988,Bedrock,10,15
201284,Bedrock,27,
201294,Bedrock,29,
201299,Bedrock,30,
201324,Bedrock,28,
201339,Bedrock,30,
201364,Bedrock,35,
201384,Bedrock,21,
206502,Bedrock,49,72
234719,Bedrock,35,7
229056,Bedrock,18,29
234449,Bedrock,5,17
230397,Bedrock,12,
5537,Bedrock,29,0
5571,Bedrock,17,0
5556,Bedrock,55,174
228706,Bedrock,2,25
228084,Bedrock,4,123
228061,Bedrock,5,
228799,Bedrock,42,78
227997,Bedrock,30,15
227992,Bedrock,5,12
234688,Bedrock,43,68
5456,Bedrock,55,65
364291,Bedrock,10,35
229253,Bedrock,44,38
5348,Bedrock,10,20
5345,Bedrock,26,83
5493,Bedrock,52,0
235309,Bedrock,3,33
235302,Bedrock,20,17
220552,Bedrock,16,135
238894,Bedrock,62,18
5368,Bedrock,1,25
220638,Bedrock,25,
221300,Bedrock,30,
5601,Bedrock,55,12
221235,Bedrock,40,
5387,Bedrock,45,0
5392,Bedrock,7,22
5423,Bedrock,25,20
221431,Bedrock,4,16
5431,Bedrock,10,18
5307,Bedrock,45,35
228892,Bedrock,65,73
232608,Bedrock,15,145
221309,Bedrock,10,
5412,Bedrock,15,58
221304,Bedrock,10,
5605,Bedrock,23,19
5315,Bedrock,41,34
220543,Bedrock,40,45
221407,Bedrock,18,3
221288,Bedrock,10,
229996,Bedrock,18,19
228540,Bedrock,15,65
229785,Bedrock,18,18
4838,Bedrock,57,0
229187,Bedrock,30,13
228516,Bedrock,2,
5021,Bedrock,50,30
229228,Bedrock,25,30
4853,Bedrock,7,3
4856,Bedrock,70,22
5034,Bedrock,15,10
219771,Bedrock,45,
5066,Bedrock,7,20
4827,Bedrock,65,0
4830,Bedrock,58,18
4831,Bedrock,58,140
4832,Bedrock,4,18
230148,Bedrock,60,60
5285,Bedrock,55,90
220494,Bedrock,35,58
228505,Bedrock,16,28
220534,Bedrock,57,5
230097,Bedrock,24,24
220545,Bedrock,41,15
5281,Bedrock,47,0
220535,Bedrock,37,68
4922,Bedrock,25,19
228470,Bedrock,14,50
229581,Bedrock,43,50
229592,Bedrock,15,15
317223,Bedrock,21,119
220167,Bedrock,96,0
28079,Bedrock,13,42
228480,Bedrock,45,15
220172,Bedrock,37,0
220148,Bedrock,39,100
4959,Bedrock,10,45
5105,Bedrock,45,140
228630,Bedrock,79,115
383105,Bedrock,32,318
219983,Bedrock,6,3
5154,Bedrock,15,14
4951,Bedrock,20,18
229560,Bedrock,25,60
219923,Bedrock,15,
230255,Bedrock,23,35
220156,Bedrock,35,10
229553,Bedrock,40,46
229690,Bedrock,23,86
4418,Bedrock,28,130
4697,Bedrock,33,38
4442,Bedrock,10,15
228302,Bedrock,23,12
4687,Bedrock,55,12
4411,Bedrock,25,250
4708,Bedrock,40,250
229766,Bedrock,67,0
4709,Bedrock,22,10
323787,Bedrock,2,2
4685,Bedrock,57,46
229677,Bedrock,48,54
4491,Bedrock,35,115
4288,Bedrock,20,38
4747,Bedrock,40,8
228368,Bedrock,60,14
4767,Bedrock,47,21
4505,Bedrock,45,50
228587,Bedrock,42,20
4608,Bedrock,15,120
20908,Bedrock,74,18
4632,Bedrock,23,10
229722,Bedrock,58,18
20906,Bedrock,45,205
4635,Bedrock,41,117
228272,Bedrock,80,0
4349,Bedrock,37,22
220283,Bedrock,13,72
4361,Bedrock,44,24
4617,Bedrock,55,20
4625,Bedrock,35,310
4629,Bedrock,25,0
4330,Bedrock,42,38
220051,Bedrock,13,72
434151,Bedrock,40,10
4546,Bedrock,38,22
4390,Bedrock,4,18
4537,Bedrock,90,38
4595,Bedrock,28,280
220288,Bedrock,25,87
4389,Bedrock,80,80
4593,Bedrock,40,10
220071,Bedrock,45,67
4599,Bedrock,28,0
4362,Bedrock,60,30
4596,Bedrock,37,15
4524,Bedrock,15,10
4604,Bedrock,42,12
4403,Bedrock,21,18
220453,Bedrock,12,
229468,Bedrock,4,18
4597,Bedrock,29,10
229513,Bedrock,4,14
228320,Bedrock,59,59
4552,Bedrock,41,70
228287,Bedrock,32,20
4112,Bedrock,35,100
217467,Bedrock,10,16
4125,Bedrock,20,8
220011,Bedrock,20,
4124,Bedrock,34,10
4122,Bedrock,30,10
4085,Bedrock,48,30
20915,Bedrock,16,18
170628,Bedrock,36,8
4123,Bedrock,40,16
217397,Bedrock,35,0
4101,Bedrock,25,280
217978,Bedrock,30,22
34180,Bedrock,37,8
381197,Bedrock,35,10
220377,Bedrock,114,114
217762,Bedrock,45,13
4179,Bedrock,76,8
220457,Bedrock,85,85
220776,Bedrock,8,65
4173,Bedrock,33,13
217432,Bedrock,47,0
217437,Bedrock,34,5
218052,Bedrock,50,14
4129,Bedrock,18,42
4216,Bedrock,20,103
4222,Bedrock,28,8
4227,Bedrock,53,18
4232,Bedrock,5,98
4219,Bedrock,28,215
4193,Bedrock,213,17
264802,Bedrock,56,
264812,Bedrock,55,93
217835,Bedrock,46,22
217740,Bedrock,75,12
20925,Bedrock,30,40
220476,Bedrock,65,75
323784,Bedrock,52,
4021,Bedrock,48,55
217996,Bedrock,54,17
4012,Bedrock,21,8
40702,Bedrock,21,10
40711,Bedrock,32,137
40695,Bedrock,33,128
40787,Bedrock,3,0
40684,Bedrock,35,18
227721,Bedrock,18,15
34702,Bedrock,39,15
40637,Bedrock,47,10
40679,Bedrock,28,0
40631,Bedrock,20,10
40774,Bedrock,15,13
217350,Bedrock,35,45
40628,Bedrock,18,110
234249,Bedrock,92,
40945,Bedrock,15,0
40748,Bedrock,12,0
52705,Bedrock,28,15
40773,Bedrock,45,10
40754,Bedrock,34,17
40943,Bedrock,25,20
219223,Bedrock,24,
323638,Bedrock,28,52
40747,Bedrock,4,38
40736,Bedrock,36,8
40613,Bedrock,32,15
234198,Bedrock,58,
234203,Bedrock,58,
40734,Bedrock,37,8
40614,Bedrock,33,10
40762,Bedrock,20,15
40593,Bedrock,8,20
40592,Bedrock,24,0
40760,Bedrock,30,9
40728,Bedrock,34,15
40594,Bedrock,12,20
40595,Bedrock,22,18
40730,Bedrock,23,15
40726,Bedrock,5,70
40599,Bedrock,18,12
219061,Bedrock,47,
217713,Bedrock,8,8
40605,Bedrock,18,25
31107,Bedrock,30,20
20706,Bedrock,10,65
31118,Bedrock,42,17
34628,Bedrock,22,0
34665,Bedrock,17,0
34626,Bedrock,31,43
34630,Bedrock,26,51
34642,Bedrock,77,20
34641,Bedrock,44,25
34625,Bedrock,13,70
34622,Bedrock,20,15
218509,Bedrock,55,11
160727,Bedrock,39,20
34636,Bedrock,38,23
31104,Bedrock,30,50
34621,Bedrock,24,0
160772,Bedrock,15,25
31207,Bedrock,20,10
31114,Bedrock,29,35
34679,Bedrock,32,30
34676,Bedrock,21,119
223983,Bedrock,4,60
160777,Bedrock,22,15
34635,Bedrock,6,21
34674,Bedrock,24,46
34586,Bedrock,5,15
34748,Bedrock,18,0
34613,Bedrock,9,26
34672,Bedrock,45,0
160738,Bedrock,32,15
224006,Bedrock,1,
34671,Bedrock,30,7
31209,Bedrock,51,72
34714,Bedrock,34,20
224022,Bedrock,1,
34744,Bedrock,10,12
31189,Bedrock,35,8
31192,Bedrock,23,0
31180,Bedrock,26,15
34711,Bedrock,27,15
31186,Bedrock,25,30
34712,Bedrock,20,10
30732,Bedrock,10,22
34643,Bedrock,27,8
31145,Bedrock,45,24
31129,Bedrock,57,17
30731,Bedrock,35,12
30717,Bedrock,4,20
31199,Bedrock,30,20
34644,Bedrock,56,8
31196,Bedrock,28,15
34607,Bedrock,7,37
31195,Bedrock,40,0
34603,Bedrock,38,6
34651,Bedrock,17,12
31198,Bedrock,17,15
213279,Bedrock,15,15
30737,Bedrock,149,82
31162,Bedrock,18,140
34731,Bedrock,30,10
34654,Bedrock,25,17
223972,Bedrock,1,
693,Bedrock,34,5
31212,Bedrock,34,5
270744,Bedrock,8,56
31163,Bedrock,17,8
30635,Bedrock,6,20
30652,Bedrock,5,0
218705,Bedrock,45,60
28569,Bedrock,7,7
5871,Bedrock,16,4
28575,Bedrock,100,17
234099,Bedrock,110,145
30647,Bedrock,55,43
218146,Bedrock,1,
30642,Bedrock,1,12
323779,Bedrock,41,
292206,Bedrock,2,
218785,Bedrock,3,
218171,Bedrock,40,
121645,Bedrock,10,55
213753,Bedrock,35,35
28813,Bedrock,12,12
28811,Bedrock,25,12
28692,Bedrock,20,0
28699,Bedrock,29,39
223183,Bedrock,18,
28609,Bedrock,23,6
28637,Bedrock,45,12
28806,Bedrock,29,15
28736,Bedrock,35,22
218026,Bedrock,41,
218021,Bedrock,45,
218168,Bedrock,4,14
218273,Bedrock,18,20
218257,Bedrock,6,50
28651,Bedrock,30,30
28757,Bedrock,50,10
28617,Bedrock,13,52
369397,Bedrock,1,
52694,Bedrock,32,10
28770,Bedrock,10,18
227738,Bedrock,10,12
218334,Bedrock,22,32
369383,Bedrock,2,76
270195,Bedrock,10,
227739,Bedrock,10,20
222973,Bedrock,38,8
222938,Bedrock,44,0
218619,Bedrock,44,65
221832,Bedrock,8,
222933,Bedrock,29,0
221812,Bedrock,15,
305330,Bedrock,94,34
305331,Bedrock,76,60
72139,Bedrock,16,
5704,Bedrock,18,28
19787,Bedrock,52,10
213075,Bedrock,12,12
217619,Bedrock,8,56
223076,Bedrock,30,0
332877,Bedrock,5,
20679,Bedrock,37,14
222216,Bedrock,30,15
222266,Bedrock,7,115
272042,Bedrock,5,8
222705,Bedrock,4,30
7443,Bedrock,13,36
294288,Bedrock,14,8
224249,Bedrock,67,
222546,Bedrock,18,
222042,Bedrock,10,
221707,Bedrock,13,29
222293,Bedrock,17,
223052,Bedrock,17,25
303957,Bedrock,2,48
234106,Bedrock,3,144
222404,Bedrock,7,7
222053,Bedrock,25,14
222464,Bedrock,6,
369358,Bedrock,2,
216198,Bedrock,1,2
222272,Bedrock,4,4
222417,Bedrock,8,
341228,Bedrock,26,
223565,Bedrock,10,39
211845,Bedrock,14,
211147,Bedrock,105,8
212975,Bedrock,48,
393832,Bedrock,9,38
34201,Bedrock,48,70
211854,Bedrock,8,
212585,Bedrock,1,
19823,Bedrock,8,58
213236,Bedrock,3,29
248943,Bedrock,3,44
216091,Bedrock,8,22
215240,Bedrock,5,52
213202,Bedrock,2,25
213646,Bedrock,58,58
210721,Bedrock,7,
212650,Bedrock,20,
213716,Bedrock,1,
212645,Bedrock,35,
215266,Bedrock,9,
215562,Bedrock,20,22
215261,Bedrock,9,
210671,Bedrock,10,
213212,Bedrock,1,18
211454,Bedrock,1,16
211515,Bedrock,90,
211169,Bedrock,37,
213076,Bedrock,45,70
234137,Bedrock,36,
371402,Bedrock,35,23
213590,Bedrock,5,20
211106,Bedrock,33,
211811,Bedrock,1,
212459,Bedrock,20,40
275466,Bedrock,16,
305409,Bedrock,35,
374658,Bedrock,33,
212501,Bedrock,116,75
212506,Bedrock,135,139
210333,Bedrock,6,
210498,Bedrock,30,
113370,Bedrock,1,
215664,Bedrock,25,37
212362,Bedrock,2,
215456,Bedrock,2,24
210409,Bedrock,40,
215233,Bedrock,29,39
210408,Bedrock,12,57
211900,Bedrock,5,
213547,Bedrock,4,18
211686,Bedrock,55,
211691,Bedrock,55,
374657,Bedrock,6,
210457,Bedrock,28,
210437,Bedrock,26,
213622,Bedrock,2,10
215442,Bedrock,1,10
362113,Bedrock,11,25
215477,Bedrock,1,25
215487,Bedrock,1,25
211662,Bedrock,1,
360404,Bedrock,2,54
215319,Bedrock,21,21
209760,Bedrock,23,
212603,Bedrock,1,42
211186,Bedrock,2,
211319,Bedrock,1,
15472,Bedrock,49,18
210992,Bedrock,3,80
212215,Bedrock,4,
357553,Bedrock,1,
211648,Bedrock,24,60
212188,Bedrock,48,10
210962,Bedrock,4,78
209355,Bedrock,3,
336428,Bedrock,26,50
212211,Bedrock,1,14
20818,Bedrock,11,29
203507,Bedrock,30,80
145245,Bedrock,5,30
205376,Bedrock,1,80
205366,Bedrock,6,70
205406,Bedrock,4,70
212240,Bedrock,11,
208951,Bedrock,18,18
205704,Bedrock,7,17
209132,Bedrock,1,6
210815,Bedrock,1,14
209096,Bedrock,4,
27760,Bedrock,49,
428639,Bedrock,21,103
205216,Bedrock,5,
205181,Bedrock,5,
346231,Bedrock,3,45
346232,Bedrock,3,45
203266,Bedrock,7,
239374,Bedrock,57,
210062,Bedrock,250,0
208825,Bedrock,3,
15404,Bedrock,7,108
269725,Bedrock,57,74
209054,Bedrock,10,
377601,Bedrock,6,15
212110,Bedrock,2,
211981,Bedrock,6,
203184,Bedrock,1,52
375865,Bedrock,4,13
203924,Bedrock,57,
21103,Bedrock,1,
203347,Bedrock,22,22
287126,Bedrock,16,
15401,Bedrock,9,160
212252,Bedrock,5,
205772,Bedrock,22,25
208164,Bedrock,25,45
210910,Bedrock,5,
427576,Bedrock,6,67
349005,Bedrock,5,
15407,Bedrock,6,22
203889,Bedrock,39,
208140,Bedrock,2,38
203344,Bedrock,1,
211631,Bedrock,5,45
205753,Bedrock,27,89
203429,Bedrock,16,
199864,Bedrock,21,
200337,Bedrock,2,11
200613,Bedrock,21,115
200598,Bedrock,35,114
208332,Bedrock,29,
197232,Bedrock,5,
197087,Bedrock,1,41
354206,Bedrock,3,35
200539,Bedrock,13,28
197186,Bedrock,11,160
197416,Bedrock,1,
200524,Bedrock,14,36
200509,Bedrock,35,35
200652,Bedrock,25,85
353032,Bedrock,2,43
200919,Bedrock,7,40
209891,Bedrock,38,38
208245,Bedrock,1,
377597,Bedrock,6,37
197993,Bedrock,8,
199992,Bedrock,3,28
350688,Bedrock,73,
196541,Bedrock,8,26
199981,Bedrock,20,24
200586,Bedrock,6,
200268,Bedrock,46,58
199705,Bedrock,5,10
197958,Bedrock,5,
200606,Bedrock,4,25
207836,Bedrock,1,1
305197,Bedrock,67,145
305198,Bedrock,59,170
197665,Bedrock,12,
196509,Bedrock,15,180
197352,Bedrock,10,53
349280,Bedrock,12,
200229,Bedrock,10,24
200561,Bedrock,14,74
352012,Bedrock,17,10
199645,Bedrock,2,62
257961,Bedrock,4,36
196867,Bedrock,1,14
369776,Bedrock,47,20
145252,Bedrock,9,236
200030,Bedrock,1,20
206785,Bedrock,22,26
336152,Bedrock,36,63
200015,Bedrock,5,25
197436,Bedrock,34,
200760,Bedrock,1,
197393,Bedrock,15,
198754,Bedrock,25,
321574,Bedrock,12,12
198749,Bedrock,40,
198415,Bedrock,26,
206299,Bedrock,96,320
193971,Bedrock,28,
321527,Bedrock,21,105
202915,Bedrock,8,
359419,Bedrock,14,
336153,Bedrock,10,
192537,Bedrock,23,50
329647,Bedrock,8,
226709,Bedrock,64,64
192544,Bedrock,28,32
198871,Bedrock,1,
332206,Bedrock,25,30
192566,Bedrock,21,21
208497,Bedrock,16,834
197910,Bedrock,3,47
195507,Bedrock,19,
195514,Bedrock,35,
195502,Bedrock,10,
269022,Bedrock,23,
233102,Bedrock,13,
198218,Bedrock,64,30
204116,Bedrock,11,
193559,Bedrock,1,
192095,Bedrock,43,63
204076,Bedrock,14,
204156,Bedrock,26,
204081,Bedrock,24,
193869,Bedrock,100,120
194469,Bedrock,2,63
194337,Bedrock,18,78
203908,Bedrock,25,
195530,Bedrock,3,8
363511,Bedrock,46,
204327,Bedrock,13,
362161,Bedrock,67,
303578,Bedrock,33,33
320944,Bedrock,5,
336136,Bedrock,16,160
56498,Bedrock,10,28
197802,Bedrock,3,70
18207,Bedrock,20,13
204319,Bedrock,12,
214339,Bedrock,45,50
198910,Bedrock,2,22
198989,Bedrock,40,200
196217,Bedrock,84,93
194466,Bedrock,2,56
336318,Bedrock,29,29
305228,Bedrock,37,
198706,Bedrock,7,74
56047,Bedrock,12,12
198833,Bedrock,20,
389037,Bedrock,1,33
198944,Bedrock,3,70
364204,Bedrock,3,
214332,Bedrock,33,
198746,Bedrock,2,52
267962,Bedrock,14,46
14663,Bedrock,18,30
198427,Bedrock,1,
198447,Bedrock,1,
305842,Bedrock,42,77
305835,Bedrock,25,54
198528,Bedrock,10,40
350734,Bedrock,17,21
195387,Bedrock,39,
14454,Bedrock,5,20
196353,Bedrock,2,
305850,Bedrock,35,90
15126,Bedrock,11,23
194473,Bedrock,15,50
205089,Bedrock,52,55
168259,Bedrock,25,
194624,Bedrock,3,
198574,Bedrock,30,45
270128,Bedrock,23,34
198548,Bedrock,11,35
196425,Bedrock,23,
198583,Bedrock,14,39
195354,Bedrock,5,
56438,Bedrock,2,23
377029,Bedrock,11,111
75411,Bedrock,3,31
196286,Bedrock,4,35
305858,Bedrock,2,
305859,Bedrock,2,4
86642,Bedrock,15,
194664,Bedrock,4,24
307286,Bedrock,47,54
185465,Bedrock,37,37
189190,Bedrock,4,44
322798,Bedrock,14,28
299875,Bedrock,14,14
14470,Bedrock,30,30
185223,Bedrock,10,
214326,Bedrock,9,88
336316,Bedrock,78,103
185596,Bedrock,29,
185525,Bedrock,2,20
186707,Bedrock,6,
191686,Bedrock,10,
185495,Bedrock,1,15
186671,Bedrock,2,68
214941,Bedrock,4,75
383526,Bedrock,5,39
185500,Bedrock,4,20
189042,Bedrock,12,
350950,Bedrock,8,8
351614,Bedrock,26,68
185114,Bedrock,16,
43374,Bedrock,5,182
43307,Bedrock,4,114
305838,Bedrock,31,43
305844,Bedrock,43,43
185768,Bedrock,5,65
315651,Bedrock,6,75
214348,Bedrock,27,27
305234,Bedrock,15,25
335158,Bedrock,6,107
305226,Bedrock,17,85
303546,Bedrock,12,22
185345,Bedrock,47,
383271,Bedrock,18,35
54603,Bedrock,26,84
275371,Bedrock,8,
275361,Bedrock,5,
279902,Bedrock,22,25
185740,Bedrock,8,22
329628,Bedrock,48,48
21650,Bedrock,49,
253020,Bedrock,20,25
43270,Bedrock,7,188
192728,Bedrock,15,130
266801,Bedrock,26,32
305834,Bedrock,10,
192661,Bedrock,33,85
351612,Bedrock,45,49
54611,Bedrock,36,138
275350,Bedrock,28,53
321538,Bedrock,61,
305494,Bedrock,3,72
188705,Bedrock,43,
361329,Bedrock,18,48
188981,Bedrock,2,
189325,Bedrock,3,
361313,Bedrock,21,
41772,Bedrock,3,
192731,Bedrock,28,
377076,Bedrock,16,32
189851,Bedrock,57,
188999,Bedrock,30,
362896,Bedrock,2,40
183651,Bedrock,11,
185681,Bedrock,1,
145546,Bedrock,15,38
322777,Bedrock,59,59
305840,Bedrock,30,90
321593,Bedrock,84,89
185799,Bedrock,6,15
336170,Bedrock,23,28
39405,Bedrock,62,
325221,Bedrock,41,41
86275,Bedrock,22,
184802,Bedrock,2,
266998,Bedrock,15,15
189813,Bedrock,4,4
49538,Bedrock,14,14
406732,Bedrock,7,58
145545,Bedrock,12,84
350698,Bedrock,115,
336143,Bedrock,8,
214322,Bedrock,17,97
370029,Bedrock,110,
182157,Bedrock,5,
175110,Bedrock,16,140
159259,Bedrock,12,12
361261,Bedrock,64,
22242,Bedrock,58,
321570,Bedrock,30,58
305203,Bedrock,67,
286600,Bedrock,75,75
49480,Bedrock,62,62
181269,Bedrock,2,
58796,Bedrock,29,79
174286,Bedrock,3,70
187434,Bedrock,51,86
174520,Bedrock,2,97
54595,Bedrock,17,86
20068,Bedrock,14,14
361309,Bedrock,81,
357537,Bedrock,29,29
71127,Bedrock,22,
175069,Bedrock,3,
350955,Bedrock,85,85
361269,Bedrock,96,96
377023,Bedrock,38,46
177629,Bedrock,60,0
177530,Bedrock,32,
347951,Bedrock,139,139
59236,Bedrock,1,
177614,Bedrock,12,45
257297,Bedrock,23,23
286455,Bedrock,15,15
307548,Bedrock,15,187
307549,Bedrock,3,40
59093,Bedrock,5,180
186812,Bedrock,4,
175575,Bedrock,19,
309287,Bedrock,27,36
377075,Bedrock,80,80
7634,Bedrock,37,40
54206,Bedrock,23,
177557,Bedrock,16,33
336313,Bedrock,60,
380530,Bedrock,2,8
303561,Bedrock,113,113
350763,Bedrock,72,72
177657,Bedrock,25,50
377044,Bedrock,17,30
22249,Bedrock,31,31
214325,Bedrock,62,62
321580,Bedrock,67,67
286477,Bedrock,42,42
323164,Bedrock,44,44
321585,Bedrock,65,65
336182,Bedrock,36,36
377057,Bedrock,2,39
329633,Bedrock,29,29
305213,Bedrock,53,53
274765,Bedrock,13,
377041,Bedrock,15,44
377036,Bedrock,4,41
321540,Bedrock,15,95
325220,Bedrock,67,67
347947,Bedrock,72,72
350953,Bedrock,42,42
303562,Bedrock,47,47
329635,Bedrock,52,52
214312,Bedrock,27,75
186876,Bedrock,7,
361282,Bedrock,38,44
305846,Bedrock,39,39
286493,Bedrock,35,35
361303,Bedrock,4,42
177937,Bedrock,4,18
377053,Bedrock,52,55
419729,Bedrock,3,20
176072,Bedrock,23,24
336185,Bedrock,36,36
305211,Bedrock,52,52
42934,Bedrock,21,25
329651,Bedrock,30,123
276332,Bedrock,38,38
347933,Bedrock,47,47
350758,Bedrock,22,22
22239,Bedrock,26,28
238402,Bedrock,10,50
23165,Bedrock,21,21
189817,Bedrock,34,64
175380,Bedrock,35,168
175375,Bedrock,5,106
305845,Bedrock,48,48
347934,Bedrock,58,58
175578,Bedrock,9,14
182239,Bedrock,6,
321541,Bedrock,30,30
321565,Bedrock,41,41
377513,Bedrock,27,69
230760,Bedrock,5,104
54132,Bedrock,10,
279862,Bedrock,18,40
286452,Bedrock,30,30
316850,Bedrock,15,27
201611,Bedrock,50,155
336188,Bedrock,36,36
336156,Bedrock,26,26
377046,Bedrock,24,40
159275,Bedrock,26,38
159273,Bedrock,4,38
86270,Bedrock,12,57
350187,Bedrock,52,52
325208,Bedrock,16,21
175733,Bedrock,30,
159312,Bedrock,10,10
316859,Bedrock,18,160
145526,Bedrock,2,28
321561,Bedrock,70,
145534,Bedrock,11,26
347545,Bedrock,5,
48876,Bedrock,8,23
72098,Bedrock,29,29
361346,Bedrock,47,62
54082,Bedrock,15,42
175797,Bedrock,2,58
54100,Bedrock,121,121
350177,Bedrock,42,42
180254,Bedrock,96,226
214304,Bedrock,28,100
47674,Bedrock,9,
274748,Bedrock,28,150
72127,Bedrock,59,
64917,Bedrock,91,
175822,Bedrock,12,
286506,Bedrock,82,82
247759,Bedrock,13,
270164,Bedrock,2,68
321554,Bedrock,103,103
321556,Bedrock,20,20
175316,Bedrock,2,129
175321,Bedrock,5,
177941,Bedrock,1,26
48830,Bedrock,21,53
347535,Bedrock,12,185
347957,Bedrock,47,47
347958,Bedrock,56,56
174838,Bedrock,54,123
329656,Bedrock,56,56
283701,Bedrock,17,181
325223,Bedrock,54,54
226947,Bedrock,86,86
305243,Bedrock,37,75
352162,Bedrock,23,34
53989,Bedrock,77,217
279918,Bedrock,15,59
321460,Bedrock,31,
325222,Bedrock,76,76
180040,Bedrock,93,
58836,Bedrock,2,
321573,Bedrock,56,56
366494,Bedrock,62,62
173948,Bedrock,45,135
179975,Bedrock,88,
161178,Bedrock,12,56
188613,Bedrock,39,39
172124,Bedrock,52,80
171249,Bedrock,59,73
161635,Bedrock,1,125
165939,Bedrock,4,53
348816,Bedrock,12,80
355600,Bedrock,38,
166435,Bedrock,15,
369269,Bedrock,42,
145540,Bedrock,26,6
54616,Bedrock,11,
357538,Bedrock,60,93
64918,Bedrock,70,
305236,Bedrock,44,34
166460,Bedrock,26,95
63791,Bedrock,94,
166278,Bedrock,2,140
321568,Bedrock,36,89
303595,Bedrock,16,
47731,Bedrock,63,
377092,Bedrock,30,37
327431,Bedrock,7,
160176,Bedrock,8,
63694,Bedrock,6,
276355,Bedrock,26,26
227811,Bedrock,11,11
286512,Bedrock,53,57
226710,Bedrock,9,23
283887,Bedrock,13,44
305836,Bedrock,176,176
170901,Bedrock,10,89
350172,Bedrock,59,59
48911,Bedrock,21,
167579,Bedrock,1,
321598,Bedrock,95,109
268867,Bedrock,16,
316423,Bedrock,10,
415353,Bedrock,13,35
240556,Bedrock,5,
161639,Bedrock,72,
62161,Bedrock,16,
274547,Bedrock,28,3
172402,Bedrock,75,250
347959,Bedrock,53,67
166393,Bedrock,14,
62162,Bedrock,2,
347960,Bedrock,54,59
174031,Bedrock,35,
173196,Bedrock,35,
63649,Bedrock,33,
70208,Bedrock,36,
349285,Bedrock,51,51
75184,Bedrock,27,
23200,Bedrock,50,50
305178,Bedrock,3,
338730,Bedrock,116,
276078,Bedrock,13,
176462,Bedrock,10,32
176495,Bedrock,30,
176505,Bedrock,2,
172961,Bedrock,7,
349286,Bedrock,73,73
285815,Bedrock,11,0
311274,Bedrock,12,
336164,Bedrock,78,78
166284,Bedrock,86,103
161658,Bedrock,2,27
161633,Bedrock,3,
167807,Bedrock,163,163
189857,Bedrock,197,197
63861,Bedrock,19,
233626,Bedrock,38,
356138,Bedrock,1,
370060,Bedrock,8,78
276358,Bedrock,79,79
154456,Bedrock,73,89
63906,Bedrock,32,
279921,Bedrock,80,83
177004,Bedrock,11,
239528,Bedrock,38,78
247824,Bedrock,6,
163968,Bedrock,1,10
164021,Bedrock,17,100
162988,Bedrock,18,97
66956,Bedrock,69,228
66656,Bedrock,25,
162958,Bedrock,11,
48775,Bedrock,12,215
162874,Bedrock,3,
163978,Bedrock,3,15
356665,Bedrock,7,
335237,Bedrock,25,
47833,Bedrock,6,
71780,Bedrock,4,7
239531,Bedrock,2,
164067,Bedrock,2,17
162565,Bedrock,6,57
164022,Bedrock,10,27
158480,Bedrock,158,175
65636,Bedrock,12,
404523,Bedrock,34,34
274545,Bedrock,15,
162962,Bedrock,12,21
66883,Bedrock,1,195
65640,Bedrock,8,120
275127,Bedrock,5,
239568,Bedrock,4,
239598,Bedrock,3,
392870,Bedrock,22,42
239589,Bedrock,1,
65492,Bedrock,31,
65530,Bedrock,8,
156581,Bedrock,18,
154373,Bedrock,12,
347532,Bedrock,56,56
157977,Bedrock,160,235
70424,Bedrock,80,80
263570,Bedrock,140,
349536,Bedrock,12,
65428,Bedrock,25,
296028,Bedrock,2,127
156268,Bedrock,29,
65430,Bedrock,44,
369663,Bedrock,2,
162579,Bedrock,3,114
65421,Bedrock,20,
47772,Bedrock,18,
162758,Bedrock,66,68
366539,Bedrock,50,
334482,Bedrock,18,
23351,Bedrock,30,138
370068,Bedrock,61,65
162682,Bedrock,50,
162115,Bedrock,18,40
157948,Bedrock,150,350
359756,Bedrock,38,
164882,Bedrock,52,59
82169,Bedrock,2,
159740,Bedrock,7,
322848,Bedrock,14,
376683,Bedrock,30,
355712,Bedrock,19,
351206,Bedrock,29,
334477,Bedrock,22,
164765,Bedrock,45,
331858,Bedrock,14,
331863,Bedrock,17,
164800,Bedrock,17,
168767,Bedrock,13,150
52096,Bedrock,2,42
158362,Bedrock,13,
412523,Bedrock,31,225
162678,Bedrock,5,
281782,Bedrock,16,
201963,Bedrock,17,
157275,Bedrock,19,
148873,Bedrock,15,
158461,Bedrock,11,
201951,Bedrock,12,
158393,Bedrock,2,
156620,Bedrock,5,
317171,Bedrock,38,
326478,Bedrock,36,
148925,Bedrock,31,
278609,Bedrock,52,
339756,Bedrock,33,
375781,Bedrock,18,20
131568,Bedrock,22,
163305,Bedrock,3,128
359717,Bedrock,39,
148854,Bedrock,21,
148899,Bedrock,53,
157752,Bedrock,5,
359712,Bedrock,50,
148183,Bedrock,11,256
370617,Bedrock,3,
154127,Bedrock,6,152
150755,Bedrock,2,
152589,Bedrock,2,3
269502,Bedrock,68,
148360,Bedrock,16,
303275,Bedrock,10,
226096,Bedrock,15,
72787,Bedrock,11,50
274405,Bedrock,12,
335748,Bedrock,4,
335750,Bedrock,9,
157297,Bedrock,19,
266735,Bedrock,3,
131601,Bedrock,19,
170470,Bedrock,3,48
155109,Bedrock,29,415
355713,Bedrock,20,
316091,Bedrock,15,
357459,Bedrock,15,
278881,Bedrock,6,50
153853,Bedrock,16,
268639,Bedrock,3,
305300,Bedrock,45,45
275909,Bedrock,45,
153681,Bedrock,11,96
266730,Bedrock,49,
148222,Bedrock,3,80
156954,Bedrock,26,
344121,Bedrock,38,
153803,Bedrock,4,35
370256,Bedrock,37,
150229,Bedrock,11,50
319654,Bedrock,12,
2429,Bedrock,4,30
256760,Bedrock,25,
149559,Bedrock,7,
366210,Bedrock,29,
71284,Bedrock,12,
28091,Bedrock,25,
18869,Bedrock,25,
28090,Bedrock,33,
302665,Bedrock,8,
150919,Bedrock,10,50
298763,Bedrock,2,98
153595,Bedrock,10,20
27800,Bedrock,18,
27801,Bedrock,12,
149194,Bedrock,9,
365303,Bedrock,10,
360222,Bedrock,3,
27820,Bedrock,52,
150643,Bedrock,20,
154891,Bedrock,13,
149599,Bedrock,33,
153332,Bedrock,23,
27814,Bedrock,12,
149631,Bedrock,11,
27815,Bedrock,18,
153360,Bedrock,16,39
27825,Bedrock,72,
23140,Bedrock,8,
27808,Bedrock,20,
153322,Bedrock,24,
148998,Bedrock,20,
350727,Bedrock,36,
27816,Bedrock,25,
72765,Bedrock,6,
238143,Bedrock,9,
27817,Bedrock,7,
329602,Bedrock,6,
117542,Bedrock,11,
117541,Bedrock,7,
131598,Bedrock,32,
308034,Bedrock,15,
364731,Bedrock,24,
275908,Bedrock,12,
370037,Bedrock,21,
370226,Bedrock,21,
331860,Bedrock,90,
149678,Bedrock,28,
326375,Bedrock,22,
327339,Bedrock,17,
28036,Bedrock,20,
360200,Bedrock,13,
153347,Bedrock,45,
347853,Bedrock,33,
376665,Bedrock,13,
117536,Bedrock,17,
326376,Bedrock,14,
373225,Bedrock,5,
28035,Bedrock,24,
327340,Bedrock,5,
28037,Bedrock,32,
71315,Bedrock,37,
28546,Bedrock,22,89
27812,Bedrock,6,
256721,Bedrock,9,
225695,Bedrock,21,21
347842,Bedrock,28,
346785,Bedrock,5,
331851,Bedrock,13,
153345,Bedrock,23,55
359736,Bedrock,17,
56087,Bedrock,5,
357450,Bedrock,11,
309610,Bedrock,5,
143672,Bedrock,5,
374286,Bedrock,54,
338958,Bedrock,11,
20695,Bedrock,19,
29167,Bedrock,50,56
149267,Bedrock,5,
331876,Bedrock,23,
18956,Bedrock,12,
356809,Bedrock,4,
20700,Bedrock,31,
152460,Bedrock,7,27
339763,Bedrock,36,
238153,Bedrock,7,
356825,Bedrock,36,
325192,Bedrock,52,
340899,Bedrock,42,64
357469,Bedrock,32,
152918,Bedrock,25,
152292,Bedrock,5,
202042,Bedrock,19,
361057,Bedrock,11,
72762,Bedrock,54,
352320,Bedrock,32,
29846,Bedrock,20,40
327341,Bedrock,5,
266587,Bedrock,3,
72786,Bedrock,47,
150253,Bedrock,124,124
350697,Bedrock,5,
149311,Bedrock,54,
29859,Bedrock,15,20
148835,Bedrock,48,
148754,Bedrock,10,
148316,Bedrock,80,840
343104,Bedrock,11,
278632,Bedrock,3,
335756,Bedrock,23,
338967,Bedrock,7,
153113,Bedrock,27,63
148783,Bedrock,12,
360213,Bedrock,19,
266710,Bedrock,16,
71305,Bedrock,5,
371601,Bedrock,1,
31265,Bedrock,75,75
152997,Bedrock,60,119
117567,Bedrock,25,
150211,Bedrock,4,136
20693,Bedrock,19,
148747,Bedrock,27,
269568,Bedrock,27,
153022,Bedrock,79,96
153123,Bedrock,11,26
148709,Bedrock,12,
374293,Bedrock,52,
150721,Bedrock,48,
373272,Bedrock,15,
202037,Bedrock,21,
28549,Bedrock,20,
331909,Bedrock,5,
20687,Bedrock,29,
147919,Bedrock,29,
336106,Bedrock,4,
295869,Bedrock,12,
338966,Bedrock,21,
309615,Bedrock,7,
54462,Bedrock,49,49
275868,Bedrock,37,
336110,Bedrock,1,
296095,Bedrock,16,
147974,Bedrock,34,
275869,Bedrock,30,
275901,Bedrock,44,
266588,Bedrock,10,
334435,Bedrock,29,
147783,Bedrock,13,
147900,Bedrock,14,
18939,Bedrock,25,
147773,Bedrock,9,
364733,Bedrock,14,
29394,Bedrock,10,40
274431,Bedrock,14,
336109,Bedrock,6,
226611,Bedrock,15,
376676,Bedrock,11,
147970,Bedrock,23,
274430,Bedrock,20,
147788,Bedrock,8,
287036,Bedrock,16,
332324,Bedrock,14,
147050,Bedrock,6,
29048,Bedrock,14,
147798,Bedrock,21,
144343,Bedrock,6,8
360198,Bedrock,3,
376014,Bedrock,24,
409199,Bedrock,35,52
29052,Bedrock,5,
367946,Bedrock,23,
147975,Bedrock,20,40
303284,Bedrock,13,
148623,Bedrock,33,
29028,Bedrock,5,
147962,Bedrock,55,
147912,Bedrock,3,
54453,Bedrock,54,54
148544,Bedrock,22,
319498,Bedrock,21,
336104,Bedrock,36,128
147068,Bedrock,12,
30611,Bedrock,12,152
302250,Bedrock,3,
147137,Bedrock,10,
30804,Bedrock,10,
352948,Bedrock,24,
226736,Bedrock,15,15
152538,Bedrock,67,75
335793,Bedrock,20,
147133,Bedrock,25,
284349,Bedrock,21,
378397,Bedrock,26,
147118,Bedrock,21,
327238,Bedrock,8,
147058,Bedrock,20,
329096,Bedrock,8,
305766,Bedrock,5,
270408,Bedrock,68,
334430,Bedrock,10,
349238,Bedrock,15,
351679,Bedrock,29,
142177,Bedrock,106,116
305758,Bedrock,79,
376677,Bedrock,2,
143104,Bedrock,5,120
144869,Bedrock,17,
278642,Bedrock,32,
71307,Bedrock,7,
151025,Bedrock,16,
152051,Bedrock,17,
325193,Bedrock,30,
326765,Bedrock,17,
326766,Bedrock,12,
366561,Bedrock,19,
334427,Bedrock,11,
334428,Bedrock,14,
144601,Bedrock,16,
343109,Bedrock,15,
54517,Bedrock,2,41
30992,Bedrock,7,47
352830,Bedrock,13,
144768,Bedrock,3,
131595,Bedrock,9,
151623,Bedrock,9,
151916,Bedrock,11,
117570,Bedrock,23,132
151841,Bedrock,18,46
151800,Bedrock,20,
376675,Bedrock,14,
147265,Bedrock,7,
151820,Bedrock,11,
297320,Bedrock,2,
297318,Bedrock,19,
297319,Bedrock,17,136
30995,Bedrock,10,54
297316,Bedrock,5,
141511,Bedrock,9,215
274432,Bedrock,38,
72785,Bedrock,7,
143112,Bedrock,26,
30969,Bedrock,19,36
334448,Bedrock,24,
143911,Bedrock,16,143
143896,Bedrock,16,
144349,Bedrock,5,
147280,Bedrock,17,
143097,Bedrock,23,36
280982,Bedrock,41,
147290,Bedrock,38,
148267,Bedrock,29,
337288,Bedrock,20,
280983,Bedrock,5,
128221,Bedrock,55,
151728,Bedrock,14,
319496,Bedrock,7,
309639,Bedrock,4,
131591,Bedrock,35,
18517,Bedrock,5,98
264384,Bedrock,10,
377661,Bedrock,58,17
151753,Bedrock,18,19
302249,Bedrock,13,
336084,Bedrock,33,
304758,Bedrock,39,
304764,Bedrock,39,
131573,Bedrock,8,
151734,Bedrock,21,
376017,Bedrock,19,
375475,Bedrock,13,
147120,Bedrock,45,180
55985,Bedrock,29,104
344074,Bedrock,17,
144030,Bedrock,35,
270436,Bedrock,62,
266685,Bedrock,25,
329613,Bedrock,33,
280111,Bedrock,48,
318547,Bedrock,15,
297277,Bedrock,6,
143930,Bedrock,8,
151814,Bedrock,8,
151807,Bedrock,45,
141842,Bedrock,112,97
144035,Bedrock,15,
201703,Bedrock,31,63
151792,Bedrock,79,
117556,Bedrock,22,
285693,Bedrock,21,
143940,Bedrock,3,
72045,Bedrock,15,
301384,Bedrock,10,15
270431,Bedrock,24,
145000,Bedrock,10,
117555,Bedrock,14,
337294,Bedrock,29,
374290,Bedrock,33,
140392,Bedrock,31,94
142331,Bedrock,25,
146077,Bedrock,54,
319637,Bedrock,54,
139332,Bedrock,59,
280094,Bedrock,40,
374522,Bedrock,17,
256782,Bedrock,20,
146041,Bedrock,18,
144160,Bedrock,63,
144736,Bedrock,6,
142110,Bedrock,38,
144726,Bedrock,6,
28978,Bedrock,5,19
145025,Bedrock,14,
299137,Bedrock,19,28
346779,Bedrock,60,
146006,Bedrock,60,
86527,Bedrock,9,
140225,Bedrock,12,109
368797,Bedrock,15,
144756,Bedrock,15,88
329612,Bedrock,27,
142070,Bedrock,40,
142764,Bedrock,11,
374281,Bedrock,34,
136379,Bedrock,121,131
170514,Bedrock,63,38
137848,Bedrock,32,
140230,Bedrock,20,22
139205,Bedrock,45,
140285,Bedrock,20,25
447606,Bedrock,9,29
373393,Bedrock,2,
131617,Bedrock,13,
299138,Bedrock,31,40
303516,Bedrock,31,
337253,Bedrock,2,
272453,Bedrock,111,122
447607,Bedrock,16,92
141607,Bedrock,30,
360634,Bedrock,10,46
134209,Bedrock,26,42
281820,Bedrock,21,
140369,Bedrock,3,67
201734,Bedrock,49,61
352957,Bedrock,24,
336116,Bedrock,43,
144999,Bedrock,21,
347688,Bedrock,16,45
137974,Bedrock,11,43
301377,Bedrock,21,26
224909,Bedrock,8,78
137939,Bedrock,42,65
22726,Bedrock,10,
140051,Bedrock,3,48
326421,Bedrock,24,
250927,Bedrock,95,
142517,Bedrock,24,
140423,Bedrock,11,83
140418,Bedrock,14,83
239181,Bedrock,25,
143068,Bedrock,13,
18419,Bedrock,3,70
137347,Bedrock,7,52
140267,Bedrock,160,160
95787,Bedrock,50,
359961,Bedrock,30,
136448,Bedrock,71,35
23325,Bedrock,18,
349048,Bedrock,3,
22735,Bedrock,11,
336083,Bedrock,23,
346088,Bedrock,21,
250933,Bedrock,10,
145027,Bedrock,9,54
361230,Bedrock,19,
137551,Bedrock,10,
137521,Bedrock,92,92
281776,Bedrock,65,
327902,Bedrock,10,
140949,Bedrock,60,
14873,Bedrock,81,100
140993,Bedrock,108,
141484,Bedrock,52,
142818,Bedrock,15,
142788,Bedrock,10,15
383326,Bedrock,26,
22728,Bedrock,11,
138000,Bedrock,16,18
308581,Bedrock,8,
22702,Bedrock,3,
297288,Bedrock,2,
324867,Bedrock,7,
368792,Bedrock,10,
137925,Bedrock,5,30
137447,Bedrock,78,96
201726,Bedrock,34,47
137950,Bedrock,10,46
381652,Bedrock,15,73
421699,Bedrock,14,44
134336,Bedrock,2,
117534,Bedrock,36,
370552,Bedrock,15,
72791,Bedrock,15,
22707,Bedrock,34,
327890,Bedrock,19,
336077,Bedrock,15,
308028,Bedrock,11,
139960,Bedrock,25,
367915,Bedrock,23,
140090,Bedrock,4,
140199,Bedrock,5,
170498,Bedrock,2,49
141057,Bedrock,6,
138538,Bedrock,5,
170525,Bedrock,12,34
346775,Bedrock,11,
142064,Bedrock,70,75
132719,Bedrock,8,
301371,Bedrock,24,57
22723,Bedrock,5,
72771,Bedrock,8,
368741,Bedrock,15,
346085,Bedrock,13,
303236,Bedrock,15,
336126,Bedrock,12,
336125,Bedrock,14,
319610,Bedrock,6,
297262,Bedrock,4,
275874,Bedrock,25,
133468,Bedrock,10,
336065,Bedrock,24,
340111,Bedrock,5,59
282713,Bedrock,15,
373239,Bedrock,2,
142037,Bedrock,24,159
368747,Bedrock,18,
142028,Bedrock,6,
280965,Bedrock,5,
347693,Bedrock,15,
348417,Bedrock,19,
133724,Bedrock,18,40
303264,Bedrock,4,
357440,Bedrock,20,
327875,Bedrock,61,
341259,Bedrock,10,
360803,Bedrock,2,
22904,Bedrock,15,
336063,Bedrock,5,
378792,Bedrock,17,
58556,Bedrock,22,
250882,Bedrock,17,
250926,Bedrock,16,
308030,Bedrock,14,
141208,Bedrock,11,
242635,Bedrock,7,
141214,Bedrock,14,
243051,Bedrock,2,
140579,Bedrock,46,
136905,Bedrock,26,40
347846,Bedrock,2,
282731,Bedrock,26,
259748,Bedrock,10,51
133382,Bedrock,7,
140825,Bedrock,63,
141242,Bedrock,8,127
133387,Bedrock,12,
371605,Bedrock,3,
352959,Bedrock,20,
140593,Bedrock,20,
360613,Bedrock,3,11
140654,Bedrock,6,
140603,Bedrock,17,
121614,Bedrock,11,41
141262,Bedrock,32,
375576,Bedrock,7,
381154,Bedrock,15,
337252,Bedrock,3,35
373230,Bedrock,14,
355916,Bedrock,6,
319638,Bedrock,32,
309611,Bedrock,12,
256722,Bedrock,10,
306827,Bedrock,8,
48772,Bedrock,5,
141254,Bedrock,14,
275820,Bedrock,18,
95837,Bedrock,64,
346090,Bedrock,46,
327871,Bedrock,43,
378486,Bedrock,14,
297246,Bedrock,35,
327330,Bedrock,14,
270430,Bedrock,28,
337249,Bedrock,7,
318557,Bedrock,21,
270432,Bedrock,28,
266672,Bedrock,10,
351743,Bedrock,24,12
136615,Bedrock,2,59
285669,Bedrock,23,
309635,Bedrock,20,
140102,Bedrock,1,
336123,Bedrock,5,
131572,Bedrock,14,
297328,Bedrock,3,
141251,Bedrock,18,
317419,Bedrock,14,
135011,Bedrock,9,
359947,Bedrock,35,
349450,Bedrock,5,
336128,Bedrock,6,
140544,Bedrock,10,
140550,Bedrock,15,80
201732,Bedrock,12,
48778,Bedrock,6,
339952,Bedrock,4,
370562,Bedrock,8,8
370563,Bedrock,23,
275823,Bedrock,18,
139683,Bedrock,28,123
368736,Bedrock,36,
140116,Bedrock,6,
318552,Bedrock,5,
139546,Bedrock,2,
308795,Bedrock,70,
138291,Bedrock,39,155
303268,Bedrock,21,
303235,Bedrock,8,
23093,Bedrock,11,
406418,Bedrock,32,
250936,Bedrock,17,
250931,Bedrock,7,
140445,Bedrock,30,110
316787,Bedrock,9,
214623,Bedrock,3,165
138173,Bedrock,4,210
138262,Bedrock,9,156
138272,Bedrock,11,163
131328,Bedrock,3,110
137054,Bedrock,4,86
273643,Bedrock,33,
132189,Bedrock,10,59
132429,Bedrock,18,93
268611,Bedrock,8,53
132199,Bedrock,36,50
135650,Bedrock,6,50
303229,Bedrock,11,
321222,Bedrock,7,
137034,Bedrock,1,115
137098,Bedrock,5,
137660,Bedrock,3,
132168,Bedrock,3,42
352312,Bedrock,11,
321231,Bedrock,7,
256836,Bedrock,23,
33253,Bedrock,5,
135683,Bedrock,20,87
137062,Bedrock,7,70
353322,Bedrock,5,224
337269,Bedrock,14,
242575,Bedrock,10,140
132248,Bedrock,20,48
135698,Bedrock,10,
301350,Bedrock,60,101
132228,Bedrock,25,58
323798,Bedrock,7,40
131332,Bedrock,3,103
135738,Bedrock,3,26
294775,Bedrock,18,29
131372,Bedrock,5,58
132492,Bedrock,20,0
54806,Bedrock,3,33
137022,Bedrock,20,42
136750,Bedrock,4,
34365,Bedrock,6,74
34367,Bedrock,6,74
131391,Bedrock,12,35
58506,Bedrock,13,
134072,Bedrock,9,
297243,Bedrock,12,
136780,Bedrock,26,
135677,Bedrock,8,17
346132,Bedrock,10,
133925,Bedrock,25,
359982,Bedrock,23,
135721,Bedrock,37,41
131426,Bedrock,5,31
137150,Bedrock,5,
135732,Bedrock,16,21
319633,Bedrock,3,
135756,Bedrock,15,75
337256,Bedrock,3,
264363,Bedrock,16,40
135742,Bedrock,32,40
242595,Bedrock,3,
137639,Bedrock,2,
277564,Bedrock,9,
136740,Bedrock,4,
136735,Bedrock,12,
133900,Bedrock,22,
327507,Bedrock,4,
135656,Bedrock,2,7
132670,Bedrock,38,73
135661,Bedrock,6,7
136962,Bedrock,22,64
54804,Bedrock,36,43
304365,Bedrock,1,
134102,Bedrock,18,
135625,Bedrock,68,80
134007,Bedrock,10,
132685,Bedrock,27,
136902,Bedrock,32,
348498,Bedrock,32,46
130968,Bedrock,16,16
368825,Bedrock,11,
58496,Bedrock,14,
137568,Bedrock,34,
130963,Bedrock,18,32
130958,Bedrock,20,37
135666,Bedrock,32,50
344094,Bedrock,4,
133909,Bedrock,13,
133997,Bedrock,4,
136969,Bedrock,3,144
132127,Bedrock,10,20
136921,Bedrock,2,
132491,Bedrock,17,153
133875,Bedrock,11,
304399,Bedrock,6,
137657,Bedrock,18,
133904,Bedrock,6,
136941,Bedrock,9,
321210,Bedrock,2,
281673,Bedrock,21,
137021,Bedrock,2,112
136841,Bedrock,12,
137676,Bedrock,2,
341431,Bedrock,7,
133987,Bedrock,2,
137647,Bedrock,11,
341435,Bedrock,2,110
137094,Bedrock,13,
137104,Bedrock,9,
250891,Bedrock,7,
136936,Bedrock,12,
136871,Bedrock,4,
132401,Bedrock,32,
137572,Bedrock,10,
269601,Bedrock,10,60
33641,Bedrock,10,60
136944,Bedrock,11,
133908,Bedrock,28,
304404,Bedrock,30,
137030,Bedrock,3,
241873,Bedrock,25,
134066,Bedrock,4,
273626,Bedrock,2,
308242,Bedrock,13,
241485,Bedrock,42,
352013,Bedrock,1,198
245379,Bedrock,1,
273635,Bedrock,12,
248080,Bedrock,2,
137128,Bedrock,7,
136893,Bedrock,12,
137656,Bedrock,6,
132410,Bedrock,2,
135734,Bedrock,6,
332118,Bedrock,4,2
135568,Bedrock,6,14
135573,Bedrock,5,12
136883,Bedrock,2,
136888,Bedrock,14,
137080,Bedrock,26,
137060,Bedrock,25,
350370,Bedrock,3,
121610,Bedrock,9,20
317312,Bedrock,2,
129252,Bedrock,23,58
273633,Bedrock,20,
245364,Bedrock,6,
130299,Bedrock,15,43
130466,Bedrock,6,
129246,Bedrock,4,84
261597,Bedrock,3,
258661,Bedrock,3,
130350,Bedrock,37,55
133036,Bedrock,7,
130432,Bedrock,27,
132366,Bedrock,2,
129172,Bedrock,7,70
130325,Bedrock,4,42
331290,Bedrock,19,
130452,Bedrock,5,
130388,Bedrock,14,
130398,Bedrock,3,
129162,Bedrock,3,44
321212,Bedrock,7,
259275,Bedrock,3,
72150,Bedrock,2,
72149,Bedrock,6,
72147,Bedrock,16,
129139,Bedrock,2,70
259295,Bedrock,4,
241911,Bedrock,24,
130269,Bedrock,10,62
130274,Bedrock,8,54
258641,Bedrock,8,
242371,Bedrock,45,
130155,Bedrock,32,54
332895,Bedrock,10,
256453,Bedrock,15,
130231,Bedrock,13,
259250,Bedrock,5,
336507,Bedrock,20,
376060,Bedrock,2,
96041,Bedrock,15,
303749,Bedrock,7,30
132910,Bedrock,18,
131258,Bedrock,144,
259245,Bedrock,12,
129176,Bedrock,4,42
237129,Bedrock,9,
129371,Bedrock,23,
372990,Bedrock,2,
285262,Bedrock,8,
130174,Bedrock,10,50
132890,Bedrock,6,
130312,Bedrock,4,
352016,Bedrock,3,
353593,Bedrock,18,79
128766,Bedrock,2,30
128716,Bedrock,15,38
245324,Bedrock,6,
129063,Bedrock,42,70
129098,Bedrock,12,108
128873,Bedrock,13,88
129073,Bedrock,8,83
130180,Bedrock,31,59
277431,Bedrock,16,
127103,Bedrock,28,110
128585,Bedrock,2,
127004,Bedrock,18,84
128795,Bedrock,12,
127113,Bedrock,35,62
128627,Bedrock,2,
129081,Bedrock,125,127
128648,Bedrock,20,
127098,Bedrock,2,60
127083,Bedrock,18,27
127093,Bedrock,32,50
130991,Bedrock,4,
131051,Bedrock,23,
130986,Bedrock,4,
129901,Bedrock,5,
132382,Bedrock,4,
129934,Bedrock,9,74
27996,Bedrock,37,
403400,Bedrock,2,18
33813,Bedrock,2,
264709,Bedrock,13,
128557,Bedrock,19,
136348,Bedrock,12,
133276,Bedrock,26,
133134,Bedrock,4,
136322,Bedrock,5,
136287,Bedrock,9,
127880,Bedrock,7,
127959,Bedrock,3,153
133209,Bedrock,7,
127883,Bedrock,1,
136242,Bedrock,15,
127868,Bedrock,5,78
127863,Bedrock,6,81
136247,Bedrock,16,
130482,Bedrock,20,
132972,Bedrock,5,
128133,Bedrock,10,97
130121,Bedrock,2,80
243886,Bedrock,4,150
128188,Bedrock,57,107
245426,Bedrock,45,
316996,Bedrock,6,
128129,Bedrock,20,40
130128,Bedrock,6,119
128127,Bedrock,5,105
125962,Bedrock,24,188
128142,Bedrock,14,114
130057,Bedrock,18,90
136155,Bedrock,5,
130088,Bedrock,44,65
130078,Bedrock,45,83
130193,Bedrock,17,40
136230,Bedrock,3,
128182,Bedrock,14,78
136327,Bedrock,10,
130187,Bedrock,19,48
236441,Bedrock,2,
136205,Bedrock,9,
261561,Bedrock,11,
51425,Bedrock,30,
127966,Bedrock,25,47
127918,Bedrock,4,85
128151,Bedrock,6,124
133061,Bedrock,18,
127943,Bedrock,8,85
129333,Bedrock,20,170
132896,Bedrock,34,
128161,Bedrock,20,79
129552,Bedrock,15,
127980,Bedrock,11,120
133037,Bedrock,4,
259260,Bedrock,5,
125740,Bedrock,6,
258755,Bedrock,21,
51525,Bedrock,46,
127620,Bedrock,6,
133118,Bedrock,23,
237114,Bedrock,11,
133002,Bedrock,16,
127434,Bedrock,3,58
337711,Bedrock,18,
129575,Bedrock,2,
127610,Bedrock,3,
136174,Bedrock,10,
133045,Bedrock,53,
132901,Bedrock,20,
133072,Bedrock,7,
317002,Bedrock,31,
128991,Bedrock,45,80
132276,Bedrock,16,
128340,Bedrock,15,26
129973,Bedrock,30,58
136179,Bedrock,23,
130845,Bedrock,9,
133096,Bedrock,3,
133111,Bedrock,4,
133012,Bedrock,4,
125689,Bedrock,8,42
122607,Bedrock,58,
133077,Bedrock,4,
128360,Bedrock,3,
127383,Bedrock,9,
130020,Bedrock,35,100
122597,Bedrock,59,
127399,Bedrock,15,
127448,Bedrock,20,
127248,Bedrock,11,94
127287,Bedrock,5,141
120373,Bedrock,3,
130022,Bedrock,34,125
127262,Bedrock,15,141
129995,Bedrock,9,64
127298,Bedrock,11,143
126034,Bedrock,10,176
126184,Bedrock,30,
120703,Bedrock,53,
121066,Bedrock,30,
127275,Bedrock,10,160
127242,Bedrock,4,151
127308,Bedrock,59,125
127331,Bedrock,6,152
120762,Bedrock,19,
127317,Bedrock,18,152
126161,Bedrock,15,
121026,Bedrock,5,
120294,Bedrock,31,
125955,Bedrock,8,120
125995,Bedrock,39,125
125990,Bedrock,19,133
126014,Bedrock,22,126
376069,Bedrock,26,
285263,Bedrock,6,
33808,Bedrock,10,
121006,Bedrock,23,
350663,Bedrock,46,
127322,Bedrock,10,108
127269,Bedrock,3,115
127289,Bedrock,15,93
125980,Bedrock,6,117
120349,Bedrock,9,
120654,Bedrock,43,
123872,Bedrock,32,63
308236,Bedrock,4,
127343,Bedrock,15,104
52748,Bedrock,7,138
127324,Bedrock,24,97
122586,Bedrock,9,
127323,Bedrock,7,83
122758,Bedrock,40,92
127378,Bedrock,41,
127414,Bedrock,4,
126231,Bedrock,5,
122519,Bedrock,10,
122796,Bedrock,19,62
120826,Bedrock,15,
122465,Bedrock,12,
128358,Bedrock,2,
127651,Bedrock,16,84
122753,Bedrock,12,51
126615,Bedrock,24,117
118308,Bedrock,23,
64786,Bedrock,7,
120444,Bedrock,3,
120458,Bedrock,5,
127363,Bedrock,11,
120453,Bedrock,7,
121441,Bedrock,5,
122743,Bedrock,6,124
131677,Bedrock,11,95
121426,Bedrock,30,
118248,Bedrock,13,
120478,Bedrock,16,
126640,Bedrock,16,132
118343,Bedrock,20,
118360,Bedrock,12,
122460,Bedrock,7,
127471,Bedrock,7,
121439,Bedrock,20,
122480,Bedrock,20,
120414,Bedrock,2,
118288,Bedrock,13,17
123717,Bedrock,61,165
122781,Bedrock,25,132
122776,Bedrock,15,137
120409,Bedrock,4,
122791,Bedrock,4,150
122445,Bedrock,11,
122761,Bedrock,8,155
122766,Bedrock,11,147
120503,Bedrock,9,
341511,Bedrock,21,
123200,Bedrock,66,92
127461,Bedrock,6,77
127466,Bedrock,4,
127456,Bedrock,7,
127502,Bedrock,9,
126868,Bedrock,3,
126859,Bedrock,2,
126824,Bedrock,15,
126805,Bedrock,7,
126815,Bedrock,2,
126880,Bedrock,15,
127491,Bedrock,46,
126839,Bedrock,3,
127090,Bedrock,5,103
120433,Bedrock,2,
120348,Bedrock,24,
120353,Bedrock,30,
127361,Bedrock,2,
241562,Bedrock,2,
127115,Bedrock,19,81
331402,Bedrock,25,
120438,Bedrock,25,
33796,Bedrock,7,
33798,Bedrock,7,
96089,Bedrock,2,79
127366,Bedrock,12,
127381,Bedrock,25,
33788,Bedrock,10,
332127,Bedrock,3,
127044,Bedrock,5,90
122493,Bedrock,71,
96163,Bedrock,3,87
128262,Bedrock,60,
120502,Bedrock,35,
263046,Bedrock,125,
127064,Bedrock,2,98
123426,Bedrock,30,
30371,Bedrock,21,
123561,Bedrock,43,
120371,Bedrock,27,65
128253,Bedrock,2,
120442,Bedrock,9,
120600,Bedrock,8,
124406,Bedrock,6,101
124211,Bedrock,2,55
127054,Bedrock,17,105
127069,Bedrock,10,103
265961,Bedrock,14,
127177,Bedrock,10,118
120287,Bedrock,19,
127181,Bedrock,12,104
127176,Bedrock,18,108
120342,Bedrock,3,
95924,Bedrock,5,
120516,Bedrock,7,
120501,Bedrock,16,
120491,Bedrock,8,
120437,Bedrock,14,
316127,Bedrock,17,
30308,Bedrock,19,
127175,Bedrock,24,
128256,Bedrock,10,
122574,Bedrock,9,140
128281,Bedrock,13,
127186,Bedrock,3,138
95909,Bedrock,7,
252402,Bedrock,9,
120280,Bedrock,3,
120422,Bedrock,25,
120356,Bedrock,8,
128296,Bedrock,15,
124344,Bedrock,8,
122479,Bedrock,10,56
120306,Bedrock,7,
127161,Bedrock,5,103
127137,Bedrock,7,
127145,Bedrock,58,81
124389,Bedrock,64,83
128418,Bedrock,4,
238190,Bedrock,10,
123964,Bedrock,4,35
238603,Bedrock,24,
128401,Bedrock,4,
298188,Bedrock,2,
124453,Bedrock,65,67
128408,Bedrock,10,
95884,Bedrock,3,
120173,Bedrock,4,
124364,Bedrock,65,80
124369,Bedrock,61,81
64141,Bedrock,15,
120249,Bedrock,18,
128396,Bedrock,121,
124478,Bedrock,58,80
95874,Bedrock,19,
128407,Bedrock,5,
127129,Bedrock,12,160
120269,Bedrock,17,
262639,Bedrock,7,
120274,Bedrock,11,
127130,Bedrock,11,161
127125,Bedrock,2,
254252,Bedrock,4,
128231,Bedrock,30,
120267,Bedrock,20,
118930,Bedrock,41,
120486,Bedrock,20,
123960,Bedrock,3,
95614,Bedrock,14,
117035,Bedrock,4,
117318,Bedrock,3,
119136,Bedrock,32,
117313,Bedrock,5,
117969,Bedrock,10,
118996,Bedrock,12,
118291,Bedrock,5,
121731,Bedrock,26,48
118220,Bedrock,14,
117308,Bedrock,3,
30268,Bedrock,41,
30275,Bedrock,15,
118352,Bedrock,19,
121741,Bedrock,27,34
120941,Bedrock,12,
30257,Bedrock,15,
117994,Bedrock,28,
121727,Bedrock,20,33
121726,Bedrock,5,50
30252,Bedrock,5,
118302,Bedrock,28,
118905,Bedrock,4,
120946,Bedrock,13,
120936,Bedrock,22,
121722,Bedrock,22,42
285369,Bedrock,67,
118933,Bedrock,10,
118879,Bedrock,3,
118944,Bedrock,6,
118884,Bedrock,3,
118949,Bedrock,4,
243132,Bedrock,13,
117984,Bedrock,5,
118215,Bedrock,7,
117885,Bedrock,12,
262713,Bedrock,25,
262718,Bedrock,7,
262699,Bedrock,13,
252443,Bedrock,13,
118693,Bedrock,12,
118139,Bedrock,40,
262622,Bedrock,14,
118388,Bedrock,38,48
344528,Bedrock,28,141
238164,Bedrock,23,
331538,Bedrock,5,33
118413,Bedrock,31,88
118230,Bedrock,5,
120987,Bedrock,7,
118708,Bedrock,35,
118713,Bedrock,4,
117735,Bedrock,13,
117992,Bedrock,19,
118658,Bedrock,7,
120957,Bedrock,6,85
120927,Bedrock,20,
117903,Bedrock,13,
117913,Bedrock,6,
117987,Bedrock,16,
117020,Bedrock,18,
118644,Bedrock,4,
117948,Bedrock,2,
120942,Bedrock,9,
117993,Bedrock,10,
95474,Bedrock,11,
118877,Bedrock,3,
118223,Bedrock,20,
118897,Bedrock,5,
118423,Bedrock,15,31
118403,Bedrock,34,46
95885,Bedrock,8,
120917,Bedrock,10,
118478,Bedrock,4,
120608,Bedrock,20,
118659,Bedrock,12,
121930,Bedrock,50,
121960,Bedrock,99,
118697,Bedrock,33,
118451,Bedrock,6,6
121895,Bedrock,3,
121934,Bedrock,45,
272507,Bedrock,14,
118401,Bedrock,7,0
285197,Bedrock,10,
117337,Bedrock,3,
119874,Bedrock,26,
270376,Bedrock,3,5
42652,Bedrock,11,
116970,Bedrock,2,
116975,Bedrock,7,
118212,Bedrock,17,
116980,Bedrock,36,
95434,Bedrock,5,21
95875,Bedrock,8,
118143,Bedrock,18,
118182,Bedrock,20,
118237,Bedrock,14,
118197,Bedrock,4,
115190,Bedrock,7,
115175,Bedrock,14,
118162,Bedrock,20,
118173,Bedrock,24,
118153,Bedrock,1,
118462,Bedrock,9,77
119767,Bedrock,51,
117743,Bedrock,4,
120845,Bedrock,43,
117649,Bedrock,7,
52733,Bedrock,14,20
117292,Bedrock,3,
116940,Bedrock,17,
21452,Bedrock,45,
117371,Bedrock,24,
116984,Bedrock,19,
118603,Bedrock,8,
347807,Bedrock,17,
117009,Bedrock,12,
214278,Bedrock,8,20
116999,Bedrock,19,
117024,Bedrock,16,
117004,Bedrock,18,
300213,Bedrock,26,
42656,Bedrock,24,
115184,Bedrock,21,
252865,Bedrock,12,
115149,Bedrock,2,
115144,Bedrock,16,
118166,Bedrock,3,
243048,Bedrock,19,
115239,Bedrock,21,
117282,Bedrock,6,
118151,Bedrock,2,
115160,Bedrock,9,
118161,Bedrock,14,
115209,Bedrock,14,
95860,Bedrock,27,
117038,Bedrock,12,
115224,Bedrock,18,
115219,Bedrock,17,
116924,Bedrock,7,
116964,Bedrock,3,
116949,Bedrock,3,
117396,Bedrock,11,
115204,Bedrock,24,
115212,Bedrock,4,
116930,Bedrock,22,70
277153,Bedrock,17,75
115129,Bedrock,22,
115172,Bedrock,7,
117980,Bedrock,13,
115218,Bedrock,15,
115157,Bedrock,15,
117008,Bedrock,5,
118169,Bedrock,18,
120809,Bedrock,10,35
117975,Bedrock,30,
120939,Bedrock,42,
120959,Bedrock,9,
285394,Bedrock,26,
120998,Bedrock,38,110
117311,Bedrock,16,
238867,Bedrock,3,
318441,Bedrock,54,
252824,Bedrock,29,
120862,Bedrock,8,34
120061,Bedrock,3,
115176,Bedrock,20,
349368,Bedrock,19,
115206,Bedrock,10,0
310036,Bedrock,16,
236565,Bedrock,5,
116968,Bedrock,14,
120032,Bedrock,185,185
239949,Bedrock,5,
240024,Bedrock,9,
115221,Bedrock,24,
115178,Bedrock,9,
116717,Bedrock,6,69
257846,Bedrock,16,
116745,Bedrock,14,
285110,Bedrock,18,
337397,Bedrock,18,
119873,Bedrock,34,
116147,Bedrock,5,
116634,Bedrock,10,
326454,Bedrock,12,
236584,Bedrock,3,
116905,Bedrock,51,
109549,Bedrock,7,32
236156,Bedrock,11,
116790,Bedrock,29,
116594,Bedrock,4,
117215,Bedrock,1,63
116162,Bedrock,4,72
332917,Bedrock,4,
116727,Bedrock,7,50
122236,Bedrock,13,
116629,Bedrock,3,
329043,Bedrock,3,
116584,Bedrock,8,
96165,Bedrock,8,
235431,Bedrock,5,
369735,Bedrock,15,
115119,Bedrock,3,28
122178,Bedrock,16,
33726,Bedrock,8,
33735,Bedrock,18,
279081,Bedrock,18,
116196,Bedrock,3,
281393,Bedrock,28,
95952,Bedrock,22,
116738,Bedrock,13,
116741,Bedrock,23,97
116781,Bedrock,32,70
116423,Bedrock,25,
238876,Bedrock,8,
302073,Bedrock,12,
122114,Bedrock,2,
116116,Bedrock,33,
116701,Bedrock,3,58
117847,Bedrock,28,
117090,Bedrock,15,97
117060,Bedrock,11,
116087,Bedrock,10,
116610,Bedrock,64,76
344389,Bedrock,10,
116564,Bedrock,5,
109663,Bedrock,4,78
122166,Bedrock,20,
117882,Bedrock,3,
340059,Bedrock,20,
116688,Bedrock,3,
116683,Bedrock,11,
116787,Bedrock,10,
116797,Bedrock,5,
116703,Bedrock,12,
116635,Bedrock,40,68
52780,Bedrock,87,
117154,Bedrock,28,0
116670,Bedrock,5,64
116737,Bedrock,14,
116343,Bedrock,59,
116675,Bedrock,9,82
122126,Bedrock,9,2
115036,Bedrock,3,
115046,Bedrock,3,
305596,Bedrock,5,55
114849,Bedrock,24,
114854,Bedrock,5,
116256,Bedrock,23,83
116120,Bedrock,34,83
117124,Bedrock,23,0
116981,Bedrock,7,36
116673,Bedrock,31,
268189,Bedrock,25,0
117089,Bedrock,20,
337807,Bedrock,16,
116170,Bedrock,15,67
33537,Bedrock,19,34
122049,Bedrock,4,
116628,Bedrock,10,80
114880,Bedrock,37,
348594,Bedrock,9,
116567,Bedrock,3,
114803,Bedrock,5,
117103,Bedrock,16,
116947,Bedrock,8,33
122059,Bedrock,10,
380371,Bedrock,33,
114818,Bedrock,2,72
354587,Bedrock,47,
264733,Bedrock,1,43
117088,Bedrock,24,21
114993,Bedrock,10,195
245924,Bedrock,38,
118541,Bedrock,28,28
33533,Bedrock,17,32
116199,Bedrock,30,60
116976,Bedrock,3,39
33469,Bedrock,6,25
114843,Bedrock,2,31
114848,Bedrock,3,74
116578,Bedrock,13,70
33485,Bedrock,3,
116184,Bedrock,9,57
33520,Bedrock,5,
95537,Bedrock,10,
117098,Bedrock,22,25
109488,Bedrock,5,85
33512,Bedrock,19,23
116677,Bedrock,2,
116320,Bedrock,3,
116662,Bedrock,2,62
116667,Bedrock,15,63
114857,Bedrock,47,110
117053,Bedrock,18,
114862,Bedrock,20,97
117097,Bedrock,19,
114590,Bedrock,45,63
116026,Bedrock,32,
117043,Bedrock,24,
116386,Bedrock,41,44
114763,Bedrock,20,54
33459,Bedrock,3,37
116566,Bedrock,3,
236128,Bedrock,15,
116134,Bedrock,30,
33498,Bedrock,15,
33454,Bedrock,2,34
268187,Bedrock,10,
300101,Bedrock,22,
237183,Bedrock,2,
324002,Bedrock,22,
115967,Bedrock,24,
114545,Bedrock,42,75
116601,Bedrock,9,
117057,Bedrock,31,62
114827,Bedrock,10,
117117,Bedrock,6,
116052,Bedrock,14,
115992,Bedrock,41,
310915,Bedrock,17,
109595,Bedrock,5,80
116023,Bedrock,7,
116535,Bedrock,6,
114832,Bedrock,11,81
116047,Bedrock,31,
116028,Bedrock,8,
357065,Bedrock,7,
116586,Bedrock,17,
116113,Bedrock,58,90
116027,Bedrock,6,
116661,Bedrock,6,
116371,Bedrock,30,
117092,Bedrock,38,
116651,Bedrock,2,6
114625,Bedrock,33,89
116490,Bedrock,5,10
116123,Bedrock,21,
100920,Bedrock,24,
105485,Bedrock,21,24
105439,Bedrock,20,99
105454,Bedrock,54,94
96370,Bedrock,31,89
105414,Bedrock,55,84
105047,Bedrock,3,
105515,Bedrock,30,30
105132,Bedrock,20,
105133,Bedrock,3,3
100910,Bedrock,19,
116229,Bedrock,31,
105151,Bedrock,24,
265452,Bedrock,10,
105449,Bedrock,9,95
105057,Bedrock,30,
105127,Bedrock,10,0
33600,Bedrock,6,34
105068,Bedrock,72,
102396,Bedrock,39,0
102339,Bedrock,32,36
105078,Bedrock,14,17
105098,Bedrock,14,
102338,Bedrock,5,3
102343,Bedrock,31,59
33588,Bedrock,4,
105475,Bedrock,6,
105499,Bedrock,19,25
102328,Bedrock,4,84
102333,Bedrock,9,79
105147,Bedrock,6,15
321837,Bedrock,4,
102658,Bedrock,8,17
265432,Bedrock,25,
373915,Bedrock,3,
96249,Bedrock,10,10
265433,Bedrock,20,
96597,Bedrock,30,30
104116,Bedrock,3,
101477,Bedrock,6,
103723,Bedrock,4,
96521,Bedrock,5,
105081,Bedrock,70,
105056,Bedrock,58,
349370,Bedrock,4,
96259,Bedrock,26,31
104864,Bedrock,4,
114420,Bedrock,5,53
105146,Bedrock,25,
102252,Bedrock,180,12
33556,Bedrock,4,
105507,Bedrock,4,8
96602,Bedrock,34,61
238947,Bedrock,32,
251924,Bedrock,8,
258227,Bedrock,7,
319885,Bedrock,31,
333751,Bedrock,20,
116109,Bedrock,8,
279115,Bedrock,11,
104370,Bedrock,5,205
105116,Bedrock,25,
104400,Bedrock,5,
105041,Bedrock,48,
100888,Bedrock,45,
104802,Bedrock,95,
104780,Bedrock,30,
96239,Bedrock,90,108
104908,Bedrock,46,
104817,Bedrock,103,115
101372,Bedrock,44,619
104705,Bedrock,84,
105172,Bedrock,10,
105267,Bedrock,82,
104790,Bedrock,69,
102930,Bedrock,34,79
102682,Bedrock,1,
102935,Bedrock,40,
104808,Bedrock,80,
101709,Bedrock,2,83
96658,Bedrock,25,68
104683,Bedrock,18,
104342,Bedrock,24,
101934,Bedrock,18,2
231549,Bedrock,57,
236161,Bedrock,16,
236166,Bedrock,13,
265430,Bedrock,176,176
292482,Bedrock,219,219
292982,Bedrock,138,138
292983,Bedrock,138,138
53118,Bedrock,13,82
115138,Bedrock,10,
104640,Bedrock,90,
104713,Bedrock,10,70
104635,Bedrock,49,
104357,Bedrock,55,89
97265,Bedrock,23,
104359,Bedrock,47,
104685,Bedrock,27,
115910,Bedrock,3,
114680,Bedrock,63,69
104389,Bedrock,53,
104334,Bedrock,29,
114468,Bedrock,12,60
104369,Bedrock,55,
115925,Bedrock,15,
104735,Bedrock,8,
104322,Bedrock,51,
104902,Bedrock,49,
104379,Bedrock,55,116
105167,Bedrock,5,
104848,Bedrock,11,23
104886,Bedrock,14,
105177,Bedrock,2,
101665,Bedrock,42,89
357091,Bedrock,65,
115871,Bedrock,1,10
102933,Bedrock,8,
104627,Bedrock,5,
105345,Bedrock,3,
115763,Bedrock,20,
101606,Bedrock,30,
101616,Bedrock,27,
284398,Bedrock,2,
104621,Bedrock,29,
102898,Bedrock,5,
102977,Bedrock,20,
101089,Bedrock,22,
114710,Bedrock,28,54
101561,Bedrock,8,0
101581,Bedrock,8,36
95616,Bedrock,8,
115649,Bedrock,12,
95631,Bedrock,6,
101617,Bedrock,3,101
105627,Bedrock,28,48
104518,Bedrock,12,
116267,Bedrock,3,
112424,Bedrock,2,2
115860,Bedrock,7,63
105378,Bedrock,64,69
101369,Bedrock,24,
112459,Bedrock,1,34
105054,Bedrock,117,
105582,Bedrock,11,94
101871,Bedrock,2,14
115668,Bedrock,21,
112374,Bedrock,40,40
105617,Bedrock,5,69
112478,Bedrock,42,46
104201,Bedrock,135,235
116536,Bedrock,16,
316883,Bedrock,20,
27888,Bedrock,42,128
105576,Bedrock,16,
103915,Bedrock,12,
95608,Bedrock,8,
101297,Bedrock,31,
101209,Bedrock,16,
105291,Bedrock,54,
102489,Bedrock,22,54
103178,Bedrock,30,
101284,Bedrock,2,
103155,Bedrock,49,
103169,Bedrock,40,
101264,Bedrock,3,
103145,Bedrock,14,
103168,Bedrock,29,
341558,Bedrock,6,
103179,Bedrock,59,54
103124,Bedrock,32,3
115852,Bedrock,16,44
103150,Bedrock,39,
103159,Bedrock,43,
102927,Bedrock,3,
115782,Bedrock,3,
102819,Bedrock,8,
248464,Bedrock,14,
67452,Bedrock,30,
103299,Bedrock,6,
37952,Bedrock,2,
109887,Bedrock,2,
103148,Bedrock,41,
103700,Bedrock,5,
103241,Bedrock,3,
103978,Bedrock,11,
102789,Bedrock,11,
102799,Bedrock,6,6
101550,Bedrock,9,208
103187,Bedrock,25,
103487,Bedrock,26,
263216,Bedrock,14,
56589,Bedrock,32,
103612,Bedrock,13,
102802,Bedrock,8,
103627,Bedrock,5,
103482,Bedrock,4,24
103497,Bedrock,3,
103507,Bedrock,12,60
103176,Bedrock,18,99
102407,Bedrock,38,188
103502,Bedrock,41,
103512,Bedrock,41,
102827,Bedrock,10,
102956,Bedrock,19,61
103166,Bedrock,22,63
103546,Bedrock,12,
37996,Bedrock,2,
103572,Bedrock,22,
103567,Bedrock,16,
103414,Bedrock,20,
102734,Bedrock,76,80
103136,Bedrock,35,41
102635,Bedrock,35,45
103385,Bedrock,10,
102505,Bedrock,55,165
28999,Bedrock,37,
97182,Bedrock,100,102
97221,Bedrock,41,
96626,Bedrock,4,
110052,Bedrock,10,
102875,Bedrock,35,
102835,Bedrock,16,
259288,Bedrock,4,
110078,Bedrock,15,
103416,Bedrock,4,4
236024,Bedrock,25,73
110079,Bedrock,21,
102611,Bedrock,4,126
97963,Bedrock,37,
103918,Bedrock,15,
103361,Bedrock,9,
51677,Bedrock,27,45
103396,Bedrock,2,6
103490,Bedrock,20,
103599,Bedrock,5,
302968,Bedrock,9,
337842,Bedrock,6,
109975,Bedrock,18,
347573,Bedrock,6,
102785,Bedrock,18,
75279,Bedrock,5,
103584,Bedrock,6,
369707,Bedrock,17,
369709,Bedrock,2,
109468,Bedrock,2,92
103505,Bedrock,6,
372428,Bedrock,1,
375088,Bedrock,29,
225629,Bedrock,62,244
103495,Bedrock,8,
102155,Bedrock,2,
103565,Bedrock,8,
28239,Bedrock,3,
98351,Bedrock,56,
239733,Bedrock,1,98
376032,Bedrock,27,
285200,Bedrock,8,
103585,Bedrock,4,
103595,Bedrock,5,
103600,Bedrock,27,
103281,Bedrock,7,
239734,Bedrock,3,97
265256,Bedrock,48,
99753,Bedrock,20,
326448,Bedrock,5,
369714,Bedrock,15,
99343,Bedrock,4,76
99387,Bedrock,5,
373913,Bedrock,42,
110781,Bedrock,20,44
100465,Bedrock,3,
100273,Bedrock,28,26
110381,Bedrock,20,70
357793,Bedrock,6,73
110179,Bedrock,20,70
369863,Bedrock,3,
110729,Bedrock,80,90
100405,Bedrock,23,23
369864,Bedrock,2,
109740,Bedrock,9,
302068,Bedrock,16,85
87903,Bedrock,7,67
357790,Bedrock,46,0
65011,Bedrock,5,
316964,Bedrock,20,
321327,Bedrock,10,
110119,Bedrock,10,80
235860,Bedrock,4,
236010,Bedrock,4,150
99722,Bedrock,6,
98337,Bedrock,19,
369860,Bedrock,3,
109784,Bedrock,13,
259316,Bedrock,2,
99506,Bedrock,2,106
176171,Bedrock,3,
100774,Bedrock,11,124
109799,Bedrock,22,
110139,Bedrock,6,80
75495,Bedrock,25,
99100,Bedrock,12,141
98430,Bedrock,1,
109774,Bedrock,1,
87893,Bedrock,7,54
99900,Bedrock,8,
75486,Bedrock,60,
109747,Bedrock,54,
274375,Bedrock,23,
225819,Bedrock,6,104
75498,Bedrock,3,
259311,Bedrock,7,
99807,Bedrock,7,
239779,Bedrock,23,109
99129,Bedrock,23,
109705,Bedrock,2,
110097,Bedrock,20,60
97417,Bedrock,3,88
95315,Bedrock,73,79
94345,Bedrock,5,110
94385,Bedrock,67,
111233,Bedrock,7,78
113852,Bedrock,104,
111253,Bedrock,13,69
111208,Bedrock,29,89
91269,Bedrock,35,146
111163,Bedrock,4,250
91220,Bedrock,41,160
111173,Bedrock,14,84
94000,Bedrock,15,
357765,Bedrock,4,
94052,Bedrock,9,226
238632,Bedrock,2,120
111197,Bedrock,69,
323893,Bedrock,5,
356558,Bedrock,6,
97731,Bedrock,82,94
98641,Bedrock,36,71
265354,Bedrock,27,125
112086,Bedrock,37,85
97744,Bedrock,1,
111069,Bedrock,30,97
110248,Bedrock,78,
110277,Bedrock,55,80
110206,Bedrock,99,
332859,Bedrock,6,
114248,Bedrock,7,49
87263,Bedrock,13,58
87170,Bedrock,52,52
252219,Bedrock,2,70
252194,Bedrock,2,
374701,Bedrock,12,60
112134,Bedrock,53,
112235,Bedrock,29,
87591,Bedrock,53,53
114232,Bedrock,5,51
86403,Bedrock,50,50
311060,Bedrock,4,
365236,Bedrock,4,57
357784,Bedrock,11,
88252,Bedrock,40,
90620,Bedrock,61,
341747,Bedrock,7,
86044,Bedrock,18,40
323860,Bedrock,2,
94608,Bedrock,31,
106500,Bedrock,3,160
86193,Bedrock,155,165
343022,Bedrock,75,
79751,Bedrock,180,180
80285,Bedrock,180,180
79466,Bedrock,105,105
353354,Bedrock,60,
80009,Bedrock,270,270
34013,Bedrock,278,278
312970,Bedrock,160,
78202,Bedrock,320,320
76895,Bedrock,266,266
312968,Bedrock,118,118
312969,Bedrock,145,
76858,Bedrock,105,220
76863,Bedrock,105,220
43832,Bedrock,18,
357115,Bedrock,70,120
25144,Bedrock,225,225
25173,Bedrock,250,250
25169,Bedrock,257,257
58227,Bedrock,16,111
25193,Bedrock,290,313
9788,Bedrock,35,112
32719,Bedrock,400,1040
412163,Bedrock,63,70
