refno,aquifer,v1_wb_ft,v2_uncon_ft,v2_rock_top_ft
234782,Bedrock,6,,28
233500,Bedrock,12,,20
234328,Bedrock,12,,22
232592,Bedrock,11,,35
233489,Bedrock,20,,30
217029,Bedrock,10,,10
217039,Bedrock,25,,15
217086,Bedrock,3,,73
216965,Bedrock,4,,23
224765,Bedrock,20,,25
225477,Bedrock,10,,100
217045,Bedrock,18,,124
216526,Bedrock,2,,16
219028,Bedrock,11,,13
216562,Bedrock,9,,110
218984,Bedrock,21,,21
216465,Bedrock,29,,8
216480,Bedrock,7,,8
216602,Bedrock,39,,19
216522,Bedrock,7,,5
219002,Bedrock,6,,76
445182,Bedrock,4,,14
218988,Bedrock,8,,15
216861,Bedrock,50,,10
27170,Bedrock,15,,5
216415,Bedrock,5,,5
218943,Bedrock,7,,8
216656,Bedrock,6,,28
216485,Bedrock,38,,17
218946,Bedrock,21,,2
216440,Bedrock,38,,8
216435,Bedrock,5,,7
207121,Bedrock,19,,7
216589,Bedrock,2,,22
207569,Bedrock,11,,10
424354,Bedrock,3,,5
207595,Bedrock,25,,8
207048,Bedrock,13,,6
207108,Bedrock,4,,6
207143,Bedrock,6,,8
207234,Bedrock,5,,40
206579,Bedrock,18,,22
207096,Bedrock,7,,20
207073,Bedrock,7,,25
207536,Bedrock,29,,6
207541,Bedrock,54,,26
207068,Bedrock,29,,8
207452,Bedrock,5,,32
206495,Bedrock,3,,7
207492,Bedrock,58,,32
206585,Bedrock,56,,12
206545,Bedrock,18,,6
206509,Bedrock,9,,5
206523,Bedrock,2,,8
434693,Bedrock,2,,19
206555,Bedrock,3,,5
206534,Bedrock,21,,8
206671,Bedrock,31,,5
206976,Bedrock,4,,12
206637,Bedrock,53,,7
206642,Bedrock,40,,5
381996,Bedrock,60,,17
204858,Bedrock,3,,58
204689,Bedrock,80,,15
204617,Bedrock,40,,5
201481,Bedrock,2,,40
204447,Bedrock,66,,5
204489,Bedrock,30,,8
204782,Bedrock,20,,27
204576,Bedrock,26,,10
201231,Bedrock,13,,30
204800,Bedrock,10,,25
204549,Bedrock,67,,35
201010,Bedrock,4,,4
204666,Bedrock,65,,30
204533,Bedrock,73,,62
204472,Bedrock,39,,6
201457,Bedrock,5,,51
204477,Bedrock,8,,15
204458,Bedrock,18,,6
204710,Bedrock,5,,29
195836,Bedrock,41,,15
194917,Bedrock,8,,12
195887,Bedrock,19,,8
195947,Bedrock,29,,6
195902,Bedrock,12,,7
194890,Bedrock,15,,10
193806,Bedrock,20,,4
194885,Bedrock,10,,10
194860,Bedrock,30,,14
195841,Bedrock,43,,10
195981,Bedrock,21,,34
195876,Bedrock,7,,18
195921,Bedrock,4,,9
194861,Bedrock,15,,145
193611,Bedrock,70,,4
195911,Bedrock,35,,20
193773,Bedrock,2,,52
193699,Bedrock,5,,10
195920,Bedrock,18,,8
194867,Bedrock,59,,18
195884,Bedrock,15,,45
195804,Bedrock,44,,14
429858,Bedrock,1,,29
195824,Bedrock,60,,4
193797,Bedrock,7,,23
195778,Bedrock,26,,54
195835,Bedrock,4,,7
229166,Bedrock,30,,50
230410,Bedrock,2,,29
234753,Bedrock,48,,8
230269,Bedrock,10,,10
234721,Bedrock,46,,18
227988,Bedrock,10,,15
234719,Bedrock,35,,5
229056,Bedrock,18,,29
234449,Bedrock,5,,17
230397,Bedrock,12,,15
5556,Bedrock,55,,174
228706,Bedrock,2,,25
228084,Bedrock,4,,4
228061,Bedrock,5,,12
228799,Bedrock,42,,78
227997,Bedrock,30,,15
227992,Bedrock,5,,12
234688,Bedrock,43,,63
5456,Bedrock,55,,65
364291,Bedrock,10,,35
229253,Bedrock,44,,38
5348,Bedrock,10,,20
5345,Bedrock,26,,76
235309,Bedrock,3,,33
235302,Bedrock,20,,17
220552,Bedrock,16,,135
238894,Bedrock,62,,18
5368,Bedrock,1,,25
5601,Bedrock,55,,12
5392,Bedrock,7,,22
5423,Bedrock,25,,20
221431,Bedrock,4,,16
5431,Bedrock,10,,18
5307,Bedrock,45,,35
221309,Bedrock,10,,1
5412,Bedrock,15,,50
221304,Bedrock,10,,5
5605,Bedrock,23,,15
5315,Bedrock,41,,34
220543,Bedrock,40,,45
221407,Bedrock,18,,3
221288,Bedrock,10,,5
228540,Bedrock,15,,20
229187,Bedrock,30,,13
228516,Bedrock,2,,17
5021,Bedrock,50,,30
229228,Bedrock,25,,22
4853,Bedrock,7,,3
4856,Bedrock,70,,22
5034,Bedrock,15,,10
219771,Bedrock,45,,8
5066,Bedrock,7,,20
4830,Bedrock,58,,18
4831,Bedrock,58,,140
4832,Bedrock,4,,18
230148,Bedrock,60,,40
5285,Bedrock,55,,90
220534,Bedrock,57,,5
220535,Bedrock,37,,68
4922,Bedrock,25,,19
229581,Bedrock,43,,50
317223,Bedrock,21,,21
28079,Bedrock,13,,42
228480,Bedrock,45,,15
220148,Bedrock,39,,13
4959,Bedrock,10,,45
5105,Bedrock,45,,140
383105,Bedrock,32,,15
219983,Bedrock,6,,3
5154,Bedrock,15,,14
4951,Bedrock,20,,18
229560,Bedrock,25,,24
230255,Bedrock,23,,35
220156,Bedrock,35,,10
229553,Bedrock,40,,46
4418,Bedrock,28,,130
4697,Bedrock,33,,38
4442,Bedrock,10,,15
228302,Bedrock,23,,12
4687,Bedrock,55,,12
4411,Bedrock,25,,250
4708,Bedrock,40,,10
4709,Bedrock,22,,10
323787,Bedrock,2,,2
4685,Bedrock,57,,46
229677,Bedrock,48,,12
4491,Bedrock,35,,115
4288,Bedrock,20,,38
4747,Bedrock,40,,8
228368,Bedrock,60,,14
4767,Bedrock,47,,21
4505,Bedrock,45,,40
228587,Bedrock,42,,20
4608,Bedrock,15,,120
20908,Bedrock,74,,18
4632,Bedrock,23,,10
229722,Bedrock,58,,18
20906,Bedrock,45,,205
4635,Bedrock,41,,117
4349,Bedrock,37,,22
4361,Bedrock,44,,24
4617,Bedrock,55,,20
4625,Bedrock,35,,310
4330,Bedrock,42,,38
434151,Bedrock,40,,10
4546,Bedrock,38,,22
4390,Bedrock,4,,18
4537,Bedrock,90,,38
4595,Bedrock,28,,280
4389,Bedrock,80,,80
4593,Bedrock,40,,10
4362,Bedrock,60,,26
4596,Bedrock,37,,15
4524,Bedrock,15,,10
4604,Bedrock,42,,12
4403,Bedrock,21,,18
220453,Bedrock,12,,20
229468,Bedrock,4,,18
4597,Bedrock,29,,10
229513,Bedrock,4,,14
228320,Bedrock,59,,59
4552,Bedrock,41,,18
228287,Bedrock,32,,20
4112,Bedrock,35,,100
217467,Bedrock,10,,15
4125,Bedrock,20,,8
220011,Bedrock,20,,10
4124,Bedrock,34,,10
4122,Bedrock,30,,10
4085,Bedrock,48,,30
20915,Bedrock,16,,18
170628,Bedrock,36,,8
4123,Bedrock,40,,16
4101,Bedrock,25,,280
217978,Bedrock,30,,20
34180,Bedrock,37,,8
381197,Bedrock,35,,10
217762,Bedrock,45,,13
4179,Bedrock,76,,8
220776,Bedrock,8,,30
4173,Bedrock,33,,13
217437,Bedrock,34,,5
218052,Bedrock,50,,14
4129,Bedrock,18,,42
4216,Bedrock,20,,103
4222,Bedrock,28,,8
4227,Bedrock,53,,18
4232,Bedrock,5,,98
4219,Bedrock,28,,215
4193,Bedrock,213,,17
217835,Bedrock,46,,22
217740,Bedrock,75,,12
20925,Bedrock,30,,40
323784,Bedrock,52,,30
4021,Bedrock,48,,55
217996,Bedrock,54,,17
4012,Bedrock,21,,8
40702,Bedrock,21,,10
40711,Bedrock,32,,137
40695,Bedrock,33,,128
40684,Bedrock,35,,18
227721,Bedrock,18,,15
34702,Bedrock,39,,15
40637,Bedrock,47,,10
40631,Bedrock,20,,10
40774,Bedrock,15,,13
217350,Bedrock,35,,45
40628,Bedrock,18,,110
52705,Bedrock,28,,15
40773,Bedrock,45,,10
40754,Bedrock,34,,17
40943,Bedrock,25,,20
323638,Bedrock,28,,22
40747,Bedrock,4,,38
40736,Bedrock,36,,8
40613,Bedrock,32,,15
40734,Bedrock,37,,8
40614,Bedrock,33,,10
40762,Bedrock,20,,15
40593,Bedrock,8,,20
40760,Bedrock,30,,9
40728,Bedrock,34,,15
40594,Bedrock,12,,20
40595,Bedrock,22,,18
40730,Bedrock,23,,15
40726,Bedrock,5,,70
40599,Bedrock,18,,12
40605,Bedrock,18,,25
31107,Bedrock,30,,20
20706,Bedrock,10,,65
31118,Bedrock,42,,17
34626,Bedrock,31,,43
34630,Bedrock,26,,51
34642,Bedrock,77,,20
34641,Bedrock,44,,25
34625,Bedrock,13,,70
34622,Bedrock,20,,15
218509,Bedrock,55,,11
160727,Bedrock,39,,20
34636,Bedrock,38,,23
31104,Bedrock,30,,50
160772,Bedrock,15,,25
31207,Bedrock,20,,10
31114,Bedrock,29,,35
34679,Bedrock,32,,30
34676,Bedrock,21,,119
223983,Bedrock,4,,28
160777,Bedrock,22,,15
34635,Bedrock,6,,21
34674,Bedrock,24,,46
34586,Bedrock,5,,15
34613,Bedrock,9,,26
160738,Bedrock,32,,15
224006,Bedrock,1,,8
34671,Bedrock,30,,7
31209,Bedrock,51,,72
34714,Bedrock,34,,20
224022,Bedrock,1,,38
34744,Bedrock,10,,12
31189,Bedrock,35,,8
31180,Bedrock,26,,15
34711,Bedrock,27,,15
31186,Bedrock,25,,30
34712,Bedrock,20,,10
30732,Bedrock,10,,22
34643,Bedrock,27,,8
31145,Bedrock,45,,24
31129,Bedrock,57,,17
30731,Bedrock,35,,12
30717,Bedrock,4,,20
31199,Bedrock,30,,20
34644,Bedrock,56,,8
31196,Bedrock,28,,15
34607,Bedrock,7,,37
34603,Bedrock,38,,6
34651,Bedrock,17,,12
31198,Bedrock,17,,15
30737,Bedrock,149,,82
31162,Bedrock,18,,140
34731,Bedrock,30,,10
34654,Bedrock,25,,17
223972,Bedrock,1,,18
693,Bedrock,34,,5
31212,Bedrock,34,,5
31163,Bedrock,17,,8
30635,Bedrock,6,,20
28569,Bedrock,7,,7
5871,Bedrock,16,,4
28575,Bedrock,100,,17
30647,Bedrock,55,,43
218146,Bedrock,1,,8
30642,Bedrock,1,,12
323779,Bedrock,41,,23
292206,Bedrock,2,,17
218785,Bedrock,3,,78
213753,Bedrock,35,,35
28813,Bedrock,12,,10
28811,Bedrock,25,,12
28609,Bedrock,23,,6
28637,Bedrock,45,,12
28806,Bedrock,29,,15
28736,Bedrock,35,,12
218168,Bedrock,4,,12
218273,Bedrock,18,,20
218257,Bedrock,6,,25
28651,Bedrock,30,,30
28757,Bedrock,50,,10
28617,Bedrock,13,,52
369397,Bedrock,1,,37
52694,Bedrock,32,,10
28770,Bedrock,10,,18
227738,Bedrock,10,,12
369383,Bedrock,2,,15
270195,Bedrock,10,,25
227739,Bedrock,10,,20
222973,Bedrock,38,,8
305330,Bedrock,94,,6
305331,Bedrock,76,,18
5704,Bedrock,18,,28
19787,Bedrock,52,,10
332877,Bedrock,5,,45
20679,Bedrock,37,,14
222216,Bedrock,30,,15
222266,Bedrock,7,,30
272042,Bedrock,5,,8
222705,Bedrock,4,,30
7443,Bedrock,13,,7
294288,Bedrock,14,,8
222042,Bedrock,10,,14
303957,Bedrock,2,,48
234106,Bedrock,3,,125
222404,Bedrock,7,,7
222053,Bedrock,25,,14
222464,Bedrock,6,,8
369358,Bedrock,2,,169
216198,Bedrock,1,,2
222272,Bedrock,4,,4
211147,Bedrock,105,,8
212585,Bedrock,1,,95
19823,Bedrock,8,,58
213236,Bedrock,3,,29
248943,Bedrock,3,,44
216091,Bedrock,8,,22
215240,Bedrock,5,,52
213202,Bedrock,2,,25
210721,Bedrock,7,,25
213716,Bedrock,1,,100
215266,Bedrock,9,,9
210671,Bedrock,10,,11
213212,Bedrock,1,,18
211454,Bedrock,1,,16
371402,Bedrock,35,,23
213590,Bedrock,5,,20
211106,Bedrock,33,,33
211811,Bedrock,1,,33
210333,Bedrock,6,,6
113370,Bedrock,1,,55
215664,Bedrock,25,,16
212362,Bedrock,2,,20
215456,Bedrock,2,,24
211900,Bedrock,5,,5
213547,Bedrock,4,,18
374657,Bedrock,6,,26
213622,Bedrock,2,,10
215442,Bedrock,1,,10
362113,Bedrock,11,,18
215477,Bedrock,1,,25
215487,Bedrock,1,,25
211662,Bedrock,1,,45
360404,Bedrock,2,,54
212603,Bedrock,1,,42
211186,Bedrock,2,,21
211319,Bedrock,1,,58
15472,Bedrock,49,,18
210992,Bedrock,3,,67
212215,Bedrock,4,,19
357553,Bedrock,1,,34
212188,Bedrock,48,,10
210962,Bedrock,4,,42
209355,Bedrock,3,,59
212211,Bedrock,1,,14
145245,Bedrock,5,,20
205376,Bedrock,1,,31
205366,Bedrock,6,,45
205406,Bedrock,4,,55
212240,Bedrock,11,,16
208951,Bedrock,18,,18
205704,Bedrock,7,,17
209132,Bedrock,1,,6
210815,Bedrock,1,,14
209096,Bedrock,4,,17
27760,Bedrock,49,,4
205216,Bedrock,5,,30
205181,Bedrock,5,,30
346231,Bedrock,3,,45
346232,Bedrock,3,,45
203266,Bedrock,7,,27
208825,Bedrock,3,,21
15404,Bedrock,7,,26
209054,Bedrock,10,,10
377601,Bedrock,6,,15
212110,Bedrock,2,,18
211981,Bedrock,6,,28
203184,Bedrock,1,,52
375865,Bedrock,4,,13
21103,Bedrock,1,,36
15401,Bedrock,9,,30
212252,Bedrock,5,,20
210910,Bedrock,5,,45
427576,Bedrock,6,,67
349005,Bedrock,5,,108
15407,Bedrock,6,,21
208140,Bedrock,2,,38
203344,Bedrock,1,,30
211631,Bedrock,5,,45
200337,Bedrock,2,,11
197232,Bedrock,5,,48
197087,Bedrock,1,,41
354206,Bedrock,3,,35
197416,Bedrock,1,,68
353032,Bedrock,2,,43
200919,Bedrock,7,,40
209891,Bedrock,38,,38
208245,Bedrock,1,,50
377597,Bedrock,6,,37
199992,Bedrock,3,,28
199981,Bedrock,20,,24
200586,Bedrock,6,,22
199705,Bedrock,5,,10
197958,Bedrock,5,,5
200606,Bedrock,4,,25
207836,Bedrock,1,,1
196509,Bedrock,15,,52
200229,Bedrock,10,,24
352012,Bedrock,17,,10
199645,Bedrock,2,,62
257961,Bedrock,4,,36
196867,Bedrock,1,,12
369776,Bedrock,47,,13
200030,Bedrock,1,,20
200015,Bedrock,5,,25
200760,Bedrock,1,,83
193971,Bedrock,28,,49
202915,Bedrock,8,,54
198871,Bedrock,1,,31
197910,Bedrock,3,,47
233102,Bedrock,13,,38
193559,Bedrock,1,,176
194469,Bedrock,2,,65
195530,Bedrock,3,,8
320944,Bedrock,5,,54
197802,Bedrock,3,,70
18207,Bedrock,20,,13
198910,Bedrock,2,,22
194466,Bedrock,2,,56
198706,Bedrock,7,,41
389037,Bedrock,1,,32
198944,Bedrock,3,,70
364204,Bedrock,3,,66
198746,Bedrock,2,,52
14663,Bedrock,18,,30
198427,Bedrock,1,,32
198447,Bedrock,1,,21
14454,Bedrock,5,,18
196353,Bedrock,2,,50
194624,Bedrock,3,,33
198548,Bedrock,11,,25
195354,Bedrock,5,,111
56438,Bedrock,2,,15
75411,Bedrock,3,,28
196286,Bedrock,4,,35
305858,Bedrock,2,,2
305859,Bedrock,2,,2
194664,Bedrock,4,,24
189190,Bedrock,4,,44
185596,Bedrock,29,,79
185525,Bedrock,2,,14
186707,Bedrock,6,,30
185495,Bedrock,1,,15
186671,Bedrock,2,,68
214941,Bedrock,4,,36
383526,Bedrock,5,,39
185500,Bedrock,4,,20
43374,Bedrock,5,,182
43307,Bedrock,4,,114
185768,Bedrock,5,,14
315651,Bedrock,6,,75
335158,Bedrock,6,,107
275361,Bedrock,5,,30
185740,Bedrock,8,,8
21650,Bedrock,49,,72
43270,Bedrock,7,,188
305494,Bedrock,3,,72
188981,Bedrock,2,,105
189325,Bedrock,3,,79
41772,Bedrock,3,,230
362896,Bedrock,2,,30
183651,Bedrock,11,,11
185681,Bedrock,1,,65
185799,Bedrock,6,,15
184802,Bedrock,2,,44
189813,Bedrock,4,,4
406732,Bedrock,7,,58
182157,Bedrock,5,,122
22242,Bedrock,58,,89
181269,Bedrock,2,,170
174286,Bedrock,3,,70
174520,Bedrock,2,,97
175069,Bedrock,3,,92
59236,Bedrock,1,,205
307549,Bedrock,3,,37
59093,Bedrock,5,,180
186812,Bedrock,4,,30
380530,Bedrock,2,,8
177657,Bedrock,25,,25
377057,Bedrock,2,,39
274765,Bedrock,13,,13
377036,Bedrock,4,,41
186876,Bedrock,7,,78
361303,Bedrock,4,,42
177937,Bedrock,4,,18
419729,Bedrock,3,,20
175375,Bedrock,5,,62
175578,Bedrock,9,,14
182239,Bedrock,6,,195
377513,Bedrock,27,,69
230760,Bedrock,5,,104
201611,Bedrock,50,,25
159273,Bedrock,4,,38
175733,Bedrock,30,,20
145526,Bedrock,2,,28
347545,Bedrock,5,,42
48876,Bedrock,8,,23
175797,Bedrock,2,,58
270164,Bedrock,2,,68
175316,Bedrock,2,,68
175321,Bedrock,5,,20
177941,Bedrock,1,,9
174838,Bedrock,54,,22
58836,Bedrock,2,,194
161635,Bedrock,1,,125
165939,Bedrock,4,,53
166435,Bedrock,15,,18
145540,Bedrock,26,,6
166460,Bedrock,26,,18
166278,Bedrock,2,,85
327431,Bedrock,7,,131
63694,Bedrock,6,,152
283887,Bedrock,13,,44
167579,Bedrock,1,,198
240556,Bedrock,5,,208
166393,Bedrock,14,,61
62162,Bedrock,2,,185
305178,Bedrock,3,,139
276078,Bedrock,13,,19
176505,Bedrock,2,,26
172961,Bedrock,7,,35
161658,Bedrock,2,,27
356138,Bedrock,1,,133
247824,Bedrock,6,,131
163968,Bedrock,1,,10
164021,Bedrock,17,,95
48775,Bedrock,12,,202
162874,Bedrock,3,,89
163978,Bedrock,3,,15
356665,Bedrock,7,,96
47833,Bedrock,6,,133
71780,Bedrock,4,,7
239531,Bedrock,2,,130
164067,Bedrock,2,,15
162565,Bedrock,6,,57
66883,Bedrock,1,,195
275127,Bedrock,5,,219
239568,Bedrock,4,,101
239598,Bedrock,3,,91
239589,Bedrock,1,,80
157977,Bedrock,160,,160
263570,Bedrock,140,,140
296028,Bedrock,2,,89
369663,Bedrock,2,,165
162579,Bedrock,3,,114
47772,Bedrock,18,,112
82169,Bedrock,2,,102
159740,Bedrock,7,,42
52096,Bedrock,2,,42
162678,Bedrock,5,,56
158393,Bedrock,2,,75
156620,Bedrock,5,,102
163305,Bedrock,3,,128
157752,Bedrock,5,,219
370617,Bedrock,3,,111
154127,Bedrock,6,,152
150755,Bedrock,2,,136
152589,Bedrock,2,,3
335748,Bedrock,4,,147
266735,Bedrock,3,,103
170470,Bedrock,3,,45
278881,Bedrock,6,,50
268639,Bedrock,3,,55
153681,Bedrock,11,,96
148222,Bedrock,3,,80
153803,Bedrock,4,,35
2429,Bedrock,4,,25
149559,Bedrock,7,,20
298763,Bedrock,2,,98
153595,Bedrock,10,,20
360222,Bedrock,3,,106
150643,Bedrock,20,,279
27815,Bedrock,18,,56
72765,Bedrock,6,,70
27817,Bedrock,7,,48
329602,Bedrock,6,,35
117541,Bedrock,7,,70
373225,Bedrock,5,,44
327340,Bedrock,5,,45
27812,Bedrock,6,,47
346785,Bedrock,5,,30
56087,Bedrock,5,,45
309610,Bedrock,5,,48
143672,Bedrock,5,,227
149267,Bedrock,5,,85
356809,Bedrock,4,,34
152460,Bedrock,7,,27
238153,Bedrock,7,,49
152292,Bedrock,5,,15
327341,Bedrock,5,,63
266587,Bedrock,3,,20
350697,Bedrock,5,,100
148316,Bedrock,80,,80
278632,Bedrock,3,,142
338967,Bedrock,7,,16
71305,Bedrock,5,,7
371601,Bedrock,1,,189
150211,Bedrock,4,,136
331909,Bedrock,5,,26
336106,Bedrock,4,,180
309615,Bedrock,7,,30
336110,Bedrock,1,,41
336109,Bedrock,6,,35
147050,Bedrock,6,,43
144343,Bedrock,6,,8
360198,Bedrock,3,,37
29052,Bedrock,5,,6
29028,Bedrock,5,,35
147912,Bedrock,3,,106
147068,Bedrock,12,,12
302250,Bedrock,3,,55
305766,Bedrock,5,,115
376677,Bedrock,2,,48
143104,Bedrock,5,,120
71307,Bedrock,7,,219
54517,Bedrock,2,,41
30992,Bedrock,7,,47
144768,Bedrock,3,,45
131595,Bedrock,9,,68
147265,Bedrock,7,,127
297320,Bedrock,2,,40
297316,Bedrock,5,,144
72785,Bedrock,7,,16
143911,Bedrock,16,,31
143896,Bedrock,16,,31
144349,Bedrock,5,,12
280983,Bedrock,5,,11
319496,Bedrock,7,,29
309639,Bedrock,4,,102
18517,Bedrock,5,,98
297277,Bedrock,6,,122
143940,Bedrock,3,,9
144736,Bedrock,6,,97
144726,Bedrock,6,,106
28978,Bedrock,5,,19
373393,Bedrock,2,,32
337253,Bedrock,2,,149
140369,Bedrock,3,,67
140051,Bedrock,3,,48
18419,Bedrock,3,,70
137347,Bedrock,7,,52
23325,Bedrock,18,,23
349048,Bedrock,3,,103
14873,Bedrock,81,,100
22702,Bedrock,3,,46
297288,Bedrock,2,,40
324867,Bedrock,7,,132
137925,Bedrock,5,,30
134336,Bedrock,2,,77
140090,Bedrock,4,,243
140199,Bedrock,5,,273
170498,Bedrock,2,,49
141057,Bedrock,6,,112
138538,Bedrock,5,,35
22723,Bedrock,5,,162
319610,Bedrock,6,,29
297262,Bedrock,4,,103
340111,Bedrock,5,,59
373239,Bedrock,2,,39
142028,Bedrock,6,,67
280965,Bedrock,5,,70
133724,Bedrock,18,,40
303264,Bedrock,4,,69
360803,Bedrock,2,,25
336063,Bedrock,5,,70
242635,Bedrock,7,,50
243051,Bedrock,2,,86
140579,Bedrock,46,,46
347846,Bedrock,2,,37
133382,Bedrock,7,,45
371605,Bedrock,3,,17
360613,Bedrock,3,,11
140654,Bedrock,6,,45
140603,Bedrock,17,,31
375576,Bedrock,7,,42
337252,Bedrock,3,,35
355916,Bedrock,6,,42
48772,Bedrock,5,,80
337249,Bedrock,7,,35
270432,Bedrock,28,,38
351743,Bedrock,24,,12
136615,Bedrock,2,,59
140102,Bedrock,1,,244
336123,Bedrock,5,,25
297328,Bedrock,3,,38
349450,Bedrock,5,,64
336128,Bedrock,6,,20
48778,Bedrock,6,,25
339952,Bedrock,4,,100
140116,Bedrock,6,,239
318552,Bedrock,5,,43
139546,Bedrock,2,,275
250931,Bedrock,7,,49
214623,Bedrock,3,,165
138173,Bedrock,4,,160
131328,Bedrock,3,,96
137054,Bedrock,4,,86
135650,Bedrock,6,,50
321222,Bedrock,7,,114
137034,Bedrock,1,,115
137098,Bedrock,5,,173
137660,Bedrock,3,,172
132168,Bedrock,3,,42
321231,Bedrock,7,,136
33253,Bedrock,5,,52
137062,Bedrock,7,,70
353322,Bedrock,5,,85
323798,Bedrock,7,,40
131332,Bedrock,3,,103
135738,Bedrock,3,,26
131372,Bedrock,5,,58
54806,Bedrock,3,,33
136750,Bedrock,4,,154
34365,Bedrock,6,,10
34367,Bedrock,6,,10
131426,Bedrock,5,,31
137150,Bedrock,5,,222
319633,Bedrock,3,,46
337256,Bedrock,3,,95
242595,Bedrock,3,,194
137639,Bedrock,2,,124
136740,Bedrock,4,,136
327507,Bedrock,4,,78
135656,Bedrock,2,,7
135661,Bedrock,6,,7
304365,Bedrock,1,,121
344094,Bedrock,4,,39
133997,Bedrock,4,,18
136969,Bedrock,3,,144
136921,Bedrock,2,,122
304399,Bedrock,6,,79
133904,Bedrock,6,,53
321210,Bedrock,2,,107
137021,Bedrock,2,,112
137676,Bedrock,2,,79
341431,Bedrock,7,,62
133987,Bedrock,2,,17
341435,Bedrock,2,,110
250891,Bedrock,7,,35
136871,Bedrock,4,,120
269601,Bedrock,10,,60
33641,Bedrock,10,,60
137030,Bedrock,3,,78
134066,Bedrock,4,,38
273626,Bedrock,2,,89
352013,Bedrock,1,,67
245379,Bedrock,1,,109
248080,Bedrock,2,,78
137128,Bedrock,7,,174
137656,Bedrock,6,,84
132410,Bedrock,2,,83
135734,Bedrock,6,,171
332118,Bedrock,4,,2
135568,Bedrock,6,,14
135573,Bedrock,5,,12
136883,Bedrock,2,,140
350370,Bedrock,3,,75
317312,Bedrock,2,,102
245364,Bedrock,6,,141
130466,Bedrock,6,,131
129246,Bedrock,4,,60
261597,Bedrock,3,,103
258661,Bedrock,3,,79
133036,Bedrock,7,,153
132366,Bedrock,2,,76
129172,Bedrock,7,,70
130325,Bedrock,4,,42
130452,Bedrock,5,,77
130398,Bedrock,3,,86
129162,Bedrock,3,,44
321212,Bedrock,7,,60
259275,Bedrock,3,,46
72150,Bedrock,2,,75
72149,Bedrock,6,,75
129139,Bedrock,2,,70
259295,Bedrock,4,,46
259250,Bedrock,5,,50
376060,Bedrock,2,,37
303749,Bedrock,7,,30
129176,Bedrock,4,,42
129371,Bedrock,23,,23
372990,Bedrock,2,,73
132890,Bedrock,6,,134
130312,Bedrock,4,,80
352016,Bedrock,3,,79
353593,Bedrock,18,,79
128766,Bedrock,2,,30
245324,Bedrock,6,,35
128585,Bedrock,2,,39
128627,Bedrock,2,,130
127098,Bedrock,2,,60
130991,Bedrock,4,,118
130986,Bedrock,4,,102
129901,Bedrock,5,,101
132382,Bedrock,4,,71
403400,Bedrock,2,,18
33813,Bedrock,2,,40
133134,Bedrock,4,,81
136322,Bedrock,5,,125
127880,Bedrock,7,,140
127959,Bedrock,3,,153
133209,Bedrock,7,,133
127883,Bedrock,1,,103
127868,Bedrock,5,,78
127863,Bedrock,6,,81
130482,Bedrock,20,,50
132972,Bedrock,5,,131
130121,Bedrock,2,,80
243886,Bedrock,4,,150
316996,Bedrock,6,,34
130128,Bedrock,6,,119
128127,Bedrock,5,,105
136155,Bedrock,5,,146
136230,Bedrock,3,,123
236441,Bedrock,2,,153
127918,Bedrock,4,,85
128151,Bedrock,6,,124
133037,Bedrock,4,,93
259260,Bedrock,5,,80
125740,Bedrock,6,,12
127620,Bedrock,6,,61
127434,Bedrock,3,,58
129575,Bedrock,2,,108
127610,Bedrock,3,,62
133072,Bedrock,7,,76
133096,Bedrock,3,,98
133111,Bedrock,4,,100
133012,Bedrock,4,,116
133077,Bedrock,4,,143
128360,Bedrock,3,,8
127287,Bedrock,5,,141
120373,Bedrock,3,,37
127242,Bedrock,4,,151
127331,Bedrock,6,,152
121026,Bedrock,5,,50
285263,Bedrock,6,,53
127269,Bedrock,3,,115
125980,Bedrock,6,,114
308236,Bedrock,4,,45
52748,Bedrock,7,,138
127323,Bedrock,7,,83
127414,Bedrock,4,,102
126231,Bedrock,5,,67
128358,Bedrock,2,,70
64786,Bedrock,7,,43
120444,Bedrock,3,,69
120458,Bedrock,5,,58
120453,Bedrock,7,,47
121441,Bedrock,5,,80
122743,Bedrock,6,,124
122460,Bedrock,7,,128
127471,Bedrock,7,,105
120414,Bedrock,2,,80
120409,Bedrock,4,,80
122791,Bedrock,4,,150
127461,Bedrock,6,,77
127466,Bedrock,4,,77
127456,Bedrock,7,,78
126868,Bedrock,3,,98
126859,Bedrock,2,,83
126805,Bedrock,7,,98
126815,Bedrock,2,,92
126839,Bedrock,3,,82
127090,Bedrock,5,,103
120433,Bedrock,2,,60
127361,Bedrock,2,,80
241562,Bedrock,2,,46
33796,Bedrock,7,,17
33798,Bedrock,7,,17
96089,Bedrock,2,,79
332127,Bedrock,3,,71
127044,Bedrock,5,,90
96163,Bedrock,3,,87
127064,Bedrock,2,,98
128253,Bedrock,2,,124
124406,Bedrock,6,,101
124211,Bedrock,2,,55
120342,Bedrock,3,,88
95924,Bedrock,5,,59
120516,Bedrock,7,,83
127186,Bedrock,3,,138
95909,Bedrock,7,,77
120280,Bedrock,3,,94
120306,Bedrock,7,,66
127161,Bedrock,5,,103
127137,Bedrock,7,,167
128418,Bedrock,4,,93
123964,Bedrock,4,,35
128401,Bedrock,4,,146
298188,Bedrock,2,,35
95884,Bedrock,3,,74
120173,Bedrock,4,,73
128407,Bedrock,5,,80
262639,Bedrock,7,,26
127125,Bedrock,2,,149
254252,Bedrock,4,,42
123960,Bedrock,3,,110
117035,Bedrock,4,,79
117318,Bedrock,3,,58
117313,Bedrock,5,,59
118291,Bedrock,5,,40
117308,Bedrock,3,,52
121726,Bedrock,5,,50
30252,Bedrock,5,,22
118302,Bedrock,28,,28
118905,Bedrock,4,,55
118879,Bedrock,3,,60
118944,Bedrock,6,,55
118884,Bedrock,3,,60
118949,Bedrock,4,,50
117984,Bedrock,5,,68
118215,Bedrock,7,,42
262718,Bedrock,7,,44
331538,Bedrock,5,,33
118230,Bedrock,5,,64
120987,Bedrock,7,,136
118713,Bedrock,4,,87
118658,Bedrock,7,,67
120957,Bedrock,6,,85
117913,Bedrock,6,,77
118644,Bedrock,4,,67
117948,Bedrock,2,,65
118877,Bedrock,3,,63
118897,Bedrock,5,,54
118478,Bedrock,4,,4
118451,Bedrock,6,,6
121895,Bedrock,3,,11
117337,Bedrock,3,,6
270376,Bedrock,3,,5
42652,Bedrock,11,,69
116970,Bedrock,2,,57
116975,Bedrock,7,,33
95434,Bedrock,5,,21
118197,Bedrock,4,,44
115190,Bedrock,7,,34
118153,Bedrock,1,,23
117743,Bedrock,4,,18
117649,Bedrock,7,,15
117292,Bedrock,3,,38
115149,Bedrock,2,,56
118166,Bedrock,3,,59
117282,Bedrock,6,,56
118151,Bedrock,2,,43
116924,Bedrock,7,,35
116964,Bedrock,3,,32
116949,Bedrock,3,,36
115212,Bedrock,4,,50
115172,Bedrock,7,,35
117008,Bedrock,5,,41
238867,Bedrock,3,,67
120061,Bedrock,3,,27
236565,Bedrock,5,,56
239949,Bedrock,5,,29
116717,Bedrock,6,,69
116147,Bedrock,5,,68
236584,Bedrock,3,,53
109549,Bedrock,7,,32
116594,Bedrock,4,,24
117215,Bedrock,1,,63
116162,Bedrock,4,,72
332917,Bedrock,4,,102
116727,Bedrock,7,,50
116629,Bedrock,3,,12
329043,Bedrock,3,,33
235431,Bedrock,5,,70
115119,Bedrock,3,,28
116196,Bedrock,3,,70
122114,Bedrock,2,,124
116701,Bedrock,3,,58
116564,Bedrock,5,,35
109663,Bedrock,4,,78
117882,Bedrock,3,,67
116688,Bedrock,3,,78
116797,Bedrock,5,,77
116670,Bedrock,5,,64
115036,Bedrock,3,,71
115046,Bedrock,3,,72
305596,Bedrock,5,,55
114854,Bedrock,5,,75
116981,Bedrock,7,,36
122049,Bedrock,4,,53
116567,Bedrock,3,,60
114803,Bedrock,5,,83
114818,Bedrock,2,,72
264733,Bedrock,1,,43
116976,Bedrock,3,,39
33469,Bedrock,6,,25
114843,Bedrock,2,,31
114848,Bedrock,3,,74
33485,Bedrock,3,,25
33520,Bedrock,5,,48
109488,Bedrock,5,,85
116677,Bedrock,2,,67
116320,Bedrock,3,,78
116662,Bedrock,2,,62
33459,Bedrock,3,,37
116566,Bedrock,3,,37
33454,Bedrock,2,,34
237183,Bedrock,2,,38
117117,Bedrock,6,,9
109595,Bedrock,5,,80
116023,Bedrock,7,,7
116535,Bedrock,6,,6
357065,Bedrock,7,,70
116027,Bedrock,6,,43
116661,Bedrock,6,,5
116651,Bedrock,2,,5
116490,Bedrock,5,,10
105047,Bedrock,3,,19
105133,Bedrock,3,,3
33600,Bedrock,6,,34
102338,Bedrock,5,,3
33588,Bedrock,4,,16
105475,Bedrock,6,,32
102328,Bedrock,4,,84
105147,Bedrock,6,,15
321837,Bedrock,4,,31
373915,Bedrock,3,,50
96249,Bedrock,10,,10
104116,Bedrock,3,,3
101477,Bedrock,6,,110
103723,Bedrock,4,,11
96521,Bedrock,5,,114
349370,Bedrock,4,,49
114420,Bedrock,5,,53
102252,Bedrock,180,,12
33556,Bedrock,4,,19
105507,Bedrock,4,,8
258227,Bedrock,7,,55
104370,Bedrock,5,,5
104400,Bedrock,5,,8
102682,Bedrock,1,,15
101709,Bedrock,2,,83
115910,Bedrock,3,,29
105167,Bedrock,5,,131
105177,Bedrock,2,,143
115871,Bedrock,1,,10
104627,Bedrock,5,,156
105345,Bedrock,3,,78
284398,Bedrock,2,,52
102898,Bedrock,5,,128
95631,Bedrock,6,,84
101617,Bedrock,3,,101
116267,Bedrock,3,,26
112424,Bedrock,2,,2
115860,Bedrock,7,,63
112459,Bedrock,1,,34
101871,Bedrock,2,,14
105617,Bedrock,5,,69
101284,Bedrock,2,,81
101264,Bedrock,3,,74
341558,Bedrock,6,,92
102927,Bedrock,3,,42
115782,Bedrock,3,,109
103299,Bedrock,6,,37
37952,Bedrock,2,,70
109887,Bedrock,2,,82
103700,Bedrock,5,,53
103241,Bedrock,3,,200
102789,Bedrock,11,,11
102799,Bedrock,6,,6
103627,Bedrock,5,,70
103482,Bedrock,4,,24
103497,Bedrock,3,,61
37996,Bedrock,2,,79
96626,Bedrock,4,,105
259288,Bedrock,4,,79
103416,Bedrock,4,,4
110079,Bedrock,21,,54
102611,Bedrock,4,,126
103361,Bedrock,9,,9
103599,Bedrock,5,,105
337842,Bedrock,6,,192
347573,Bedrock,6,,79
75279,Bedrock,5,,84
103584,Bedrock,6,,86
369709,Bedrock,2,,108
109468,Bedrock,2,,92
103505,Bedrock,6,,106
372428,Bedrock,1,,89
102155,Bedrock,2,,140
28239,Bedrock,3,,38
239733,Bedrock,1,,93
103585,Bedrock,4,,20
103595,Bedrock,5,,78
103281,Bedrock,7,,92
239734,Bedrock,3,,97
326448,Bedrock,5,,13
99343,Bedrock,4,,76
99387,Bedrock,5,,90
100465,Bedrock,3,,22
357793,Bedrock,6,,73
369863,Bedrock,3,,85
110729,Bedrock,80,,90
100405,Bedrock,23,,23
369864,Bedrock,2,,80
87903,Bedrock,7,,67
65011,Bedrock,5,,110
235860,Bedrock,4,,154
236010,Bedrock,4,,150
99722,Bedrock,6,,14
369860,Bedrock,3,,96
259316,Bedrock,2,,106
99506,Bedrock,2,,106
176171,Bedrock,3,,10
110139,Bedrock,6,,80
98430,Bedrock,1,,293
109774,Bedrock,1,,73
87893,Bedrock,7,,54
99900,Bedrock,8,,34
225819,Bedrock,6,,104
75498,Bedrock,3,,72
259311,Bedrock,7,,70
99807,Bedrock,7,,15
109705,Bedrock,2,,81
97417,Bedrock,3,,88
94345,Bedrock,5,,110
111233,Bedrock,7,,85
111163,Bedrock,4,,38
357765,Bedrock,4,,78
238632,Bedrock,2,,120
111197,Bedrock,69,,69
323893,Bedrock,5,,79
356558,Bedrock,6,,185
97744,Bedrock,1,,63
110248,Bedrock,78,,108
332859,Bedrock,6,,55
114248,Bedrock,7,,49
252219,Bedrock,2,,70
252194,Bedrock,2,,70
114232,Bedrock,5,,51
86403,Bedrock,50,,50
311060,Bedrock,4,,39
365236,Bedrock,4,,57
341747,Bedrock,7,,57
323860,Bedrock,2,,72
106500,Bedrock,3,,160
312970,Bedrock,160,,160
312968,Bedrock,118,,118
312969,Bedrock,145,,145
58227,Bedrock,16,,111
9788,Bedrock,35,,112
32719,Bedrock,400,,300
